G,D,P,L,BookId,Category,Name,Type,Desc,Icon,IconAtlas,CanTrade,MinTradePrice,MaxTradePrice,DropMaleId,DropFemaleId,Bind,Sell,UseLevel,Quality,MaxStack,LuaClass,Att1Type,Att1V1,Att1V2,Att2Type,Att2V1,Att2V2,BonusAtt1Num,BonusAtt1Type,BonusAtt1V1,BonusAtt1V2,BonusAtt2Num,BonusAtt2Type,BonusAtt2V1,BonusAtt2V2,BonusAtt3Num,BonusAtt3Type,BonusAtt3V1,BonusAtt3V2,BonusAtt4Num,BonusAtt4Type,BonusAtt4V1,BonusAtt4V2,BonusAtt5Num,BonusAtt5Type,BonusAtt5V1,BonusAtt5V2,BonusAtt6Num,BonusAtt6Type,BonusAtt6V1,BonusAtt6V2,BonusAtt7Num,BonusAtt7Type,BonusAtt7V1,BonusAtt7V2,BonusAtt8Num,BonusAtt8Type,BonusAtt8V1,BonusAtt8V2,SkillAtt1Type,SkillAtt1V1,SkillAtt1V2,CoinType,BasePrice,BuyoutPrice,AddPrice,BasePriceWorld,BuyoutPriceWorld,AddPriceWorld,MaxAuctionCount,MBI_Type,comment,extraField
秘籍残页都填3,秘籍填1；残页填2,同类残页秘籍填一样的数，顺着排,秘籍填1；残页填1-9,同类秘籍标示,攻击1；防御2；攻防3,秘籍或残页名称,道具种类,文字描述,图标,,,交易最低价,交易最高价,男掉落表现,女掉落表现,绑定,卖店价格,使用等级,蓝2紫3橙4,最大叠加数,脚本名,属性类型1,属性数值,,属性类型2,属性数值,,,,,,,,,,,,,,,,,,,,,,,,,,,,,,,,,,,,,限时竞拍货币类型,限时竞拍初始价,限时竞拍一口价,限时竞拍加价,竞拍世界初始价,竞拍世界一口价,竞拍世界加价,竞拍最大数量,运营识别类型,注释,描述道具的额外字段
3,1,1,1,1,1,独孤九剑,秘籍,[7E6641FF]重剑意轻招式，以无招胜有招[-],Miji_Gudujiujian,Miji,,,,,,1,50000,10,2,1,book,,,,,,,180,attack_v,4,82,180,defense_v,4,27,270,attack_v,4,90,270,defense_v,4,30,360,attack_v,4,98,360,defense_v,4,33,450,attack_v,4,106,450,defense_v,4,35,add_passive_buff,311,1,,,,,,,,,秘籍原本,,
3,2,1,1,1,1,独孤九剑·页一,秘籍残页,[ffce49]【总诀式】  独孤九剑第1式[-]<enter><enter>[32af3e]归妹趋无妄，无妄趋同人，同人趋大有。甲转丙，丙转庚，庚转癸。[-],Mijicanye_Dugujiujian,Wupin,0,100,500,11,11,0,10,,2,9999,book,attack_v,4,338,defense_v,4,113,,,,,,,,,,,,,,,,,,,,,,,,,,,,,,,,,,,,,,,,,,,,秘籍升级材料,残页,
3,2,1,2,1,1,独孤九剑·页二,秘籍残页,[ffce49]【破剑式】  独孤九剑第2式[-]<enter><enter>[32af3e]收天下剑法之要义，以一招破尽各派系之剑招。[-],Mijicanye_Dugujiujian,Wupin,0,100,500,11,11,0,10,,2,9999,book,attack_v,4,338,defense_v,4,113,,,,,,,,,,,,,,,,,,,,,,,,,,,,,,,,,,,,,,,,,,,,秘籍升级材料,残页,
3,2,1,3,1,1,独孤九剑·页三,秘籍残页,[ffce49]【破刀式】  独孤九剑第3式[-]<enter><enter>[32af3e]以剑之轻、快，破刀之重、慢，将剑之速度发挥至极。[-],Mijicanye_Dugujiujian,Wupin,0,100,500,11,11,0,10,,2,9999,book,attack_v,4,338,defense_v,4,113,,,,,,,,,,,,,,,,,,,,,,,,,,,,,,,,,,,,,,,,,,,,秘籍升级材料,残页,
3,2,1,4,1,1,独孤九剑·页四,秘籍残页,[ffce49]【破枪式】  独孤九剑第4式[-]<enter><enter>[32af3e]以轻短之剑破解刚硬之长兵，务须利用剑之短险。[-],Mijicanye_Dugujiujian,Wupin,0,100,500,11,11,0,10,,2,9999,book,attack_v,4,338,defense_v,4,113,,,,,,,,,,,,,,,,,,,,,,,,,,,,,,,,,,,,,,,,,,,,秘籍升级材料,残页,
3,2,1,5,1,1,独孤九剑·页五,秘籍残页,[ffce49]【破鞭式】  独孤九剑第5式[-]<enter><enter>[32af3e]破解钢鞭等奇门兵刃之技，且以剑意为重，勿拘泥于形貌。[-],Mijicanye_Dugujiujian,Wupin,0,100,500,11,11,0,10,,2,9999,book,attack_v,4,338,defense_v,4,113,,,,,,,,,,,,,,,,,,,,,,,,,,,,,,,,,,,,,,,,,,,,秘籍升级材料,残页,
3,2,1,6,1,1,独孤九剑·页六,秘籍残页,[ffce49]【破索式】  独孤九剑第6式[-]<enter><enter>[32af3e]应对软索等软兵刃之法，须以变应变，以变破变。[-],Mijicanye_Dugujiujian,Wupin,0,100,500,11,11,0,10,,2,9999,book,attack_v,4,338,defense_v,4,113,,,,,,,,,,,,,,,,,,,,,,,,,,,,,,,,,,,,,,,,,,,,秘籍升级材料,残页,
3,2,1,7,1,1,独孤九剑·页七,秘籍残页,[ffce49]【破掌式】  独孤九剑第7式[-]<enter><enter>[32af3e]破解拳掌功夫之剑式，避开敌人之刚劲外力，以剑破之。[-],Mijicanye_Dugujiujian,Wupin,0,100,500,11,11,0,10,,2,9999,book,attack_v,4,338,defense_v,4,113,,,,,,,,,,,,,,,,,,,,,,,,,,,,,,,,,,,,,,,,,,,,秘籍升级材料,残页,
3,2,1,8,1,1,独孤九剑·页八,秘籍残页,[ffce49]【破箭式】  独孤九剑第8式[-]<enter><enter>[32af3e]对付暗器飞针之剑技，卸敌之攻势，亦可化为自身所用。[-],Mijicanye_Dugujiujian,Wupin,0,200,1000,11,11,0,10,,2,9999,book,attack_v,4,439,defense_v,4,146,,,,,,,,,,,,,,,,,,,,,,,,,,,,,,,,,,,,,,,,,,,,秘籍升级材料,残页,
3,2,1,9,1,1,独孤九剑·页九,秘籍残页,[ffce49]【破气式】  独孤九剑第9式[-]<enter><enter>[32af3e]应对内劲强大之敌手之道，心剑合一，以剑之意劲破敌之气劲。[-],Mijicanye_Dugujiujian,Wupin,0,300,1500,11,11,0,10,,2,9999,book,attack_v,4,574,defense_v,4,191,,,,,,,,,,,,,,,,,,,,,,,,,,,,,,,,,,,,,,,,,,,,秘籍升级材料,残页,
