G,D,P,L,BookId,Category,Name,Type,Desc,Icon,IconAtlas,CanTrade,MinTradePrice,MaxTradePrice,DropMaleId,DropFemaleId,Bind,Sell,UseLevel,Quality,MaxStack,LuaClass,Att1Type,Att1V1,Att1V2,Att2Type,Att2V1,Att2V2,BonusAtt1Num,BonusAtt1Type,BonusAtt1V1,BonusAtt1V2,BonusAtt2Num,BonusAtt2Type,BonusAtt2V1,BonusAtt2V2,BonusAtt3Num,BonusAtt3Type,BonusAtt3V1,BonusAtt3V2,BonusAtt4Num,BonusAtt4Type,BonusAtt4V1,BonusAtt4V2,BonusAtt5Num,BonusAtt5Type,BonusAtt5V1,BonusAtt5V2,BonusAtt6Num,BonusAtt6Type,BonusAtt6V1,BonusAtt6V2,BonusAtt7Num,BonusAtt7Type,BonusAtt7V1,BonusAtt7V2,BonusAtt8Num,BonusAtt8Type,BonusAtt8V1,BonusAtt8V2,SkillAtt1Type,SkillAtt1V1,SkillAtt1V2,CoinType,BasePrice,BuyoutPrice,AddPrice,BasePriceWorld,BuyoutPriceWorld,AddPriceWorld,MaxAuctionCount,MBI_Type,comment,extraField
秘籍残页都填3,秘籍填1；残页填2,同类残页秘籍填一样的数，顺着排,秘籍填1；残页填1-9,同类秘籍标示,攻击1；防御2；攻防3,秘籍或残页名称,道具种类,文字描述,图标,,,交易最低价,交易最高价,男掉落表现,女掉落表现,绑定,卖店价格,使用等级,蓝2紫3橙4,最大叠加数,脚本名,属性类型1,属性数值,,属性类型2,属性数值,,,,,,,,,,,,,,,,,,,,,,,,,,,,,,,,,,,,,,,,,,,,,运营识别类型,注释,描述道具的额外字段
3,1,2,1,2,1,降龙十八掌,秘籍,[7E6641FF]至为阳刚的掌法，力重千钧[-],Miji_Xianglongshibazhang,Miji,,,,,,1,50000,10,2,1,book,,,,,,,180,attack_v,4,82,180,defense_v,4,27,270,attack_v,4,90,270,defense_v,4,30,360,attack_v,4,98,360,defense_v,4,33,450,attack_v,4,106,450,defense_v,4,35,add_passive_buff,317,1,,,,,,,,,秘籍原本,,
3,2,2,1,2,1,降龙十八掌·页一,秘籍残页,[ffce49]【龙行乾坤】  降龙十八掌第1式[-]<enter><enter>[32af3e]取乾坤之意，呈降龙于天地之象。[-],Mijicanye_Xianglongshibazhang,Wupin,0,100,500,11,11,0,10,,2,9999,book,attack_v,4,338,defense_v,4,113,,,,,,,,,,,,,,,,,,,,,,,,,,,,,,,,,,,,,,,,,,,,秘籍升级材料,残页,
3,2,2,2,2,1,降龙十八掌·页二,秘籍残页,[ffce49]【潜龙勿用】  降龙十八掌第2式[-]<enter><enter>[32af3e]乾卦初九：潜龙勿用。[-],Mijicanye_Xianglongshibazhang,Wupin,0,100,500,11,11,0,10,,2,9999,book,attack_v,4,338,defense_v,4,113,,,,,,,,,,,,,,,,,,,,,,,,,,,,,,,,,,,,,,,,,,,,秘籍升级材料,残页,
3,2,2,3,2,1,降龙十八掌·页三,秘籍残页,[ffce49]【见龙在田】  降龙十八掌第3式[-]<enter><enter>[32af3e]乾卦九二：见龙在田，利见大人。[-],Mijicanye_Xianglongshibazhang,Wupin,0,100,500,11,11,0,10,,2,9999,book,attack_v,4,338,defense_v,4,113,,,,,,,,,,,,,,,,,,,,,,,,,,,,,,,,,,,,,,,,,,,,秘籍升级材料,残页,
3,2,2,4,2,1,降龙十八掌·页四,秘籍残页,[ffce49]【或跃在渊】  降龙十八掌第4式[-]<enter><enter>[32af3e]乾卦九四：或跃在渊，无咎。[-],Mijicanye_Xianglongshibazhang,Wupin,0,100,500,11,11,0,10,,2,9999,book,attack_v,4,338,defense_v,4,113,,,,,,,,,,,,,,,,,,,,,,,,,,,,,,,,,,,,,,,,,,,,秘籍升级材料,残页,
3,2,2,5,2,1,降龙十八掌·页五,秘籍残页,[ffce49]【飞龙在天】  降龙十八掌第5式[-]<enter><enter>[32af3e]乾卦九五：飞龙在天，利见大人。[-],Mijicanye_Xianglongshibazhang,Wupin,0,100,500,11,11,0,10,,2,9999,book,attack_v,4,338,defense_v,4,113,,,,,,,,,,,,,,,,,,,,,,,,,,,,,,,,,,,,,,,,,,,,秘籍升级材料,残页,
3,2,2,6,2,1,降龙十八掌·页六,秘籍残页,[ffce49]【亢龙有悔】  降龙十八掌第6式[-]<enter><enter>[32af3e]乾卦上九：亢龙，有悔。[-],Mijicanye_Xianglongshibazhang,Wupin,0,100,500,11,11,0,10,,2,9999,book,attack_v,4,338,defense_v,4,113,,,,,,,,,,,,,,,,,,,,,,,,,,,,,,,,,,,,,,,,,,,,秘籍升级材料,残页,
3,2,2,7,2,1,降龙十八掌·页七,秘籍残页,[ffce49]【时乘六龙】  降龙十八掌第7式[-]<enter><enter>[32af3e]乾卦彖曰：时乘六龙以御天。[-],Mijicanye_Xianglongshibazhang,Wupin,0,100,500,11,11,0,10,,2,9999,book,attack_v,4,338,defense_v,4,113,,,,,,,,,,,,,,,,,,,,,,,,,,,,,,,,,,,,,,,,,,,,秘籍升级材料,残页,
3,2,2,8,2,1,降龙十八掌·页八,秘籍残页,[ffce49]【龙战于野】  降龙十八掌第8式[-]<enter><enter>[32af3e]坤卦上六：龙战于野，其血玄黄。[-],Mijicanye_Xianglongshibazhang,Wupin,0,200,1000,11,11,0,10,,2,9999,book,attack_v,4,439,defense_v,4,146,,,,,,,,,,,,,,,,,,,,,,,,,,,,,,,,,,,,,,,,,,,,秘籍升级材料,残页,
3,2,2,9,2,1,降龙十八掌·页九,秘籍残页,[ffce49]【神龙摆尾】  降龙十八掌第9式[-]<enter><enter>[32af3e]收降龙之劲意，若神龙摆尾而归。[-],Mijicanye_Xianglongshibazhang,Wupin,0,300,1500,11,11,0,10,,2,9999,book,attack_v,4,574,defense_v,4,191,,,,,,,,,,,,,,,,,,,,,,,,,,,,,,,,,,,,,,,,,,,,秘籍升级材料,残页,
