G,D,P,L,BookId,Category,Name,Type,Desc,Icon,IconAtlas,CanTrade,MinTradePrice,MaxTradePrice,DropMaleId,DropFemaleId,Bind,Sell,UseLevel,Quality,MaxStack,LuaClass,Att1Type,Att1V1,Att1V2,Att2Type,Att2V1,Att2V2,BonusAtt1Num,BonusAtt1Type,BonusAtt1V1,BonusAtt1V2,BonusAtt2Num,BonusAtt2Type,BonusAtt2V1,BonusAtt2V2,BonusAtt3Num,BonusAtt3Type,BonusAtt3V1,BonusAtt3V2,BonusAtt4Num,BonusAtt4Type,BonusAtt4V1,BonusAtt4V2,BonusAtt5Num,BonusAtt5Type,BonusAtt5V1,BonusAtt5V2,BonusAtt6Num,BonusAtt6Type,BonusAtt6V1,BonusAtt6V2,BonusAtt7Num,BonusAtt7Type,BonusAtt7V1,BonusAtt7V2,BonusAtt8Num,BonusAtt8Type,BonusAtt8V1,BonusAtt8V2,SkillAtt1Type,SkillAtt1V1,SkillAtt1V2,CoinType,BasePrice,BuyoutPrice,AddPrice,BasePriceWorld,BuyoutPriceWorld,AddPriceWorld,MaxAuctionCount,MBI_Type,comment,extraField
秘籍残页都填3,秘籍填1；残页填2,同类残页秘籍填一样的数，顺着排,秘籍填1；残页填1-9,同类秘籍标示,攻击1；防御2；攻防3,秘籍或残页名称,道具种类,文字描述,图标,,,交易最低价,交易最高价,男掉落表现,女掉落表现,绑定,卖店价格,使用等级,蓝2紫3橙4,最大叠加数,脚本名,属性类型1,属性数值,,属性类型2,属性数值,,,,,,,,,,,,,,,,,,,,,,,,,,,,,,,,,,,,,,,,,,,,,运营识别类型,注释,描述道具的额外字段
3,1,3,1,3,2,易筋经,秘籍,[7E6641FF]少林内功绝学，可打通全身经络[-],Miji_Yijinjing,Miji,,,,,,1,50000,10,2,1,book,,,,,,,180,attack_v,4,68,180,defense_v,4,34,270,attack_v,4,75,270,defense_v,4,37,360,attack_v,4,82,360,defense_v,4,41,450,attack_v,4,88,450,defense_v,4,44,add_passive_buff,302,1,,,,,,,,,秘籍原本,,
3,2,3,1,3,2,易筋经·页一,秘籍残页,[ffce49]【易筋换骨】  易筋经第1式[-]<enter><enter>[32af3e]以丹田真气，通周身经络，达脱胎换骨之功效。[-],Mijicanye_Yijinjing,Wupin,0,100,500,11,11,0,10,,2,9999,book,attack_v,4,281,defense_v,4,141,,,,,,,,,,,,,,,,,,,,,,,,,,,,,,,,,,,,,,,,,,,,秘籍升级材料,残页,
3,2,3,2,3,2,易筋经·页二,秘籍残页,[ffce49]【韦驮献杵】  易筋经第2式[-]<enter><enter>[32af3e]立身而拱手，气定而神闲。[-],Mijicanye_Yijinjing,Wupin,0,100,500,11,11,0,10,,2,9999,book,attack_v,4,281,defense_v,4,141,,,,,,,,,,,,,,,,,,,,,,,,,,,,,,,,,,,,,,,,,,,,秘籍升级材料,残页,
3,2,3,3,3,2,易筋经·页三,秘籍残页,[ffce49]【掌托天门】  易筋经第3式[-]<enter><enter>[32af3e]掌托于头顶，若以双掌撑起天门。[-],Mijicanye_Yijinjing,Wupin,0,100,500,11,11,0,10,,2,9999,book,attack_v,4,281,defense_v,4,141,,,,,,,,,,,,,,,,,,,,,,,,,,,,,,,,,,,,,,,,,,,,秘籍升级材料,残页,
3,2,3,4,3,2,易筋经·页四,秘籍残页,[ffce49]【摘星换斗】  易筋经第4式[-]<enter><enter>[32af3e]单手擎天，重内息循环。[-],Mijicanye_Yijinjing,Wupin,0,100,500,11,11,0,10,,2,9999,book,attack_v,4,281,defense_v,4,141,,,,,,,,,,,,,,,,,,,,,,,,,,,,,,,,,,,,,,,,,,,,秘籍升级材料,残页,
3,2,3,5,3,2,易筋经·页五,秘籍残页,[ffce49]【倒拽牛尾】  易筋经第5式[-]<enter><enter>[32af3e]双腿后伸，重丹田气劲运转。[-],Mijicanye_Yijinjing,Wupin,0,100,500,11,11,0,10,,2,9999,book,attack_v,4,281,defense_v,4,141,,,,,,,,,,,,,,,,,,,,,,,,,,,,,,,,,,,,,,,,,,,,秘籍升级材料,残页,
3,2,3,6,3,2,易筋经·页六,秘籍残页,[ffce49]【出爪亮翅】  易筋经第6式[-]<enter><enter>[32af3e]挺身怒目，推手而复收回。[-],Mijicanye_Yijinjing,Wupin,0,100,500,11,11,0,10,,2,9999,book,attack_v,4,281,defense_v,4,141,,,,,,,,,,,,,,,,,,,,,,,,,,,,,,,,,,,,,,,,,,,,秘籍升级材料,残页,
3,2,3,7,3,2,易筋经·页七,秘籍残页,[ffce49]【三盘落地】  易筋经第7式[-]<enter><enter>[32af3e]双足开立，手掌猛按，力重千斤。[-],Mijicanye_Yijinjing,Wupin,0,100,500,11,11,0,10,,2,9999,book,attack_v,4,281,defense_v,4,141,,,,,,,,,,,,,,,,,,,,,,,,,,,,,,,,,,,,,,,,,,,,秘籍升级材料,残页,
3,2,3,8,3,2,易筋经·页八,秘籍残页,[ffce49]【青龙探爪】  易筋经第8式[-]<enter><enter>[32af3e]左右探爪，注重调息。[-],Mijicanye_Yijinjing,Wupin,0,200,1000,11,11,0,10,,2,9999,book,attack_v,4,366,defense_v,4,183,,,,,,,,,,,,,,,,,,,,,,,,,,,,,,,,,,,,,,,,,,,,秘籍升级材料,残页,
3,2,3,9,3,2,易筋经·页九,秘籍残页,[ffce49]【卧虎扑食】  易筋经第9式[-]<enter><enter>[32af3e]身倾而两足分蹲，如虎扑食。[-],Mijicanye_Yijinjing,Wupin,0,300,1500,11,11,0,10,,2,9999,book,attack_v,4,478,defense_v,4,239,,,,,,,,,,,,,,,,,,,,,,,,,,,,,,,,,,,,,,,,,,,,秘籍升级材料,残页,
