G,D,P,L,BookId,Category,Name,Type,Desc,Icon,IconAtlas,CanTrade,MinTradePrice,MaxTradePrice,DropMaleId,DropFemaleId,Bind,Sell,UseLevel,Quality,MaxStack,LuaClass,Att1Type,Att1V1,Att1V2,Att2Type,Att2V1,Att2V2,BonusAtt1Num,BonusAtt1Type,BonusAtt1V1,BonusAtt1V2,BonusAtt2Num,BonusAtt2Type,BonusAtt2V1,BonusAtt2V2,BonusAtt3Num,BonusAtt3Type,BonusAtt3V1,BonusAtt3V2,BonusAtt4Num,BonusAtt4Type,BonusAtt4V1,BonusAtt4V2,BonusAtt5Num,BonusAtt5Type,BonusAtt5V1,BonusAtt5V2,BonusAtt6Num,BonusAtt6Type,BonusAtt6V1,BonusAtt6V2,BonusAtt7Num,BonusAtt7Type,BonusAtt7V1,BonusAtt7V2,BonusAtt8Num,BonusAtt8Type,BonusAtt8V1,BonusAtt8V2,SkillAtt1Type,SkillAtt1V1,SkillAtt1V2,CoinType,BasePrice,BuyoutPrice,AddPrice,BasePriceWorld,BuyoutPriceWorld,AddPriceWorld,MaxAuctionCount,MBI_Type,comment,extraField
秘籍残页都填3,秘籍填1；残页填2,同类残页秘籍填一样的数，顺着排,秘籍填1；残页填1-9,同类秘籍标示,攻击1；防御2；攻防3,秘籍或残页名称,道具种类,文字描述,图标,,,交易最低价,交易最高价,男掉落表现,女掉落表现,绑定,卖店价格,使用等级,蓝2紫3橙4,最大叠加数,脚本名,属性类型1,属性数值,,属性类型2,属性数值,,,,,,,,,,,,,,,,,,,,,,,,,,,,,,,,,,,,,,,,,,,,,运营识别类型,注释,描述道具的额外字段
3,1,4,1,4,2,洗髓经,秘籍,[7E6641FF]少林内功绝学，真气于体内生生不息[-],Miji_Xisuijing,Miji,,,,,,1,50000,10,2,1,book,,,,,,,180,attack_v,4,68,180,defense_v,4,34,270,attack_v,4,75,270,defense_v,4,37,360,attack_v,4,82,360,defense_v,4,41,450,attack_v,4,88,450,defense_v,4,44,add_passive_buff,315,1,,,,,,,,,秘籍原本,,
3,2,4,1,4,2,洗髓经·页一,秘籍残页,[ffce49]【洗髓之基】  洗髓经第1式[-]<enter><enter>[32af3e]如是我闻时，佛告须菩提。易筋功已竟，方可事于此。[-],Mijicanye_Xisuijing,Wupin,0,100,500,11,11,0,10,,2,9999,book,attack_v,4,281,defense_v,4,141,,,,,,,,,,,,,,,,,,,,,,,,,,,,,,,,,,,,,,,,,,,,秘籍升级材料,残页,
3,2,4,2,4,2,洗髓经·页二,秘籍残页,[ffce49]【洗髓之起】  洗髓经第2式[-]<enter><enter>[32af3e]流浪于生死，苦海无边际。如来大慈悲，演此为《洗髓》。[-],Mijicanye_Xisuijing,Wupin,0,100,500,11,11,0,10,,2,9999,book,attack_v,4,281,defense_v,4,141,,,,,,,,,,,,,,,,,,,,,,,,,,,,,,,,,,,,,,,,,,,,秘籍升级材料,残页,
3,2,4,3,4,2,洗髓经·页三,秘籍残页,[ffce49]【洗髓之境】  洗髓经第3式[-]<enter><enter>[32af3e]心空身自化，随意任所之。一切无挂碍，圆通观自在。[-],Mijicanye_Xisuijing,Wupin,0,100,500,11,11,0,10,,2,9999,book,attack_v,4,281,defense_v,4,141,,,,,,,,,,,,,,,,,,,,,,,,,,,,,,,,,,,,,,,,,,,,秘籍升级材料,残页,
3,2,4,4,4,2,洗髓经·页四,秘籍残页,[ffce49]【无始钟气】  洗髓经第4式[-]<enter><enter>[32af3e]宇宙有至理，难以耳目契。凡可参悟者，即属于元气。[-],Mijicanye_Xisuijing,Wupin,0,100,500,11,11,0,10,,2,9999,book,attack_v,4,281,defense_v,4,141,,,,,,,,,,,,,,,,,,,,,,,,,,,,,,,,,,,,,,,,,,,,秘籍升级材料,残页,
3,2,4,5,4,2,洗髓经·页五,秘籍残页,[ffce49]【四大假合】  洗髓经第5式[-]<enter><enter>[32af3e]元气久氤氲，化作水火土。四大假合形，谁能分别此。[-],Mijicanye_Xisuijing,Wupin,0,100,500,11,11,0,10,,2,9999,book,attack_v,4,281,defense_v,4,141,,,,,,,,,,,,,,,,,,,,,,,,,,,,,,,,,,,,,,,,,,,,秘籍升级材料,残页,
3,2,4,6,4,2,洗髓经·页六,秘籍残页,[ffce49]【凡圣同归】  洗髓经第6式[-]<enter><enter>[32af3e]趁此健身驱，精进用心力。洗髓还本原，凡圣同归一。[-],Mijicanye_Xisuijing,Wupin,0,100,500,11,11,0,10,,2,9999,book,attack_v,4,281,defense_v,4,141,,,,,,,,,,,,,,,,,,,,,,,,,,,,,,,,,,,,,,,,,,,,秘籍升级材料,残页,
3,2,4,7,4,2,洗髓经·页七,秘籍残页,[ffce49]【物我一致】  洗髓经第7式[-]<enter><enter>[32af3e]万物非万物，与我同一体。幻出诸形相，辅助成生意。[-],Mijicanye_Xisuijing,Wupin,0,100,500,11,11,0,10,,2,9999,book,attack_v,4,281,defense_v,4,141,,,,,,,,,,,,,,,,,,,,,,,,,,,,,,,,,,,,,,,,,,,,秘籍升级材料,残页,
3,2,4,8,4,2,洗髓经·页八,秘籍残页,[ffce49]【行住坐卧】  洗髓经第8式[-]<enter><enter>[32af3e]超出生死关，究竟如来意。行住坐卧篇，只此是真谛。[-],Mijicanye_Xisuijing,Wupin,0,200,1000,11,11,0,10,,2,9999,book,attack_v,4,366,defense_v,4,183,,,,,,,,,,,,,,,,,,,,,,,,,,,,,,,,,,,,,,,,,,,,秘籍升级材料,残页,
3,2,4,9,4,2,洗髓经·页九,秘籍残页,[ffce49]【洗髓还原】  洗髓经第9式[-]<enter><enter>[32af3e]虽具金刚相，犹是血肉驱。须照洗髓经，食少多进气。[-],Mijicanye_Xisuijing,Wupin,0,300,1500,11,11,0,10,,2,9999,book,attack_v,4,478,defense_v,4,239,,,,,,,,,,,,,,,,,,,,,,,,,,,,,,,,,,,,,,,,,,,,秘籍升级材料,残页,
