G,D,P,L,BookId,Category,Name,Type,Desc,Icon,IconAtlas,CanTrade,MinTradePrice,MaxTradePrice,DropMaleId,DropFemaleId,Bind,Sell,UseLevel,Quality,MaxStack,LuaClass,Att1Type,Att1V1,Att1V2,Att2Type,Att2V1,Att2V2,BonusAtt1Num,BonusAtt1Type,BonusAtt1V1,BonusAtt1V2,BonusAtt2Num,BonusAtt2Type,BonusAtt2V1,BonusAtt2V2,BonusAtt3Num,BonusAtt3Type,BonusAtt3V1,BonusAtt3V2,BonusAtt4Num,BonusAtt4Type,BonusAtt4V1,BonusAtt4V2,BonusAtt5Num,BonusAtt5Type,BonusAtt5V1,BonusAtt5V2,BonusAtt6Num,BonusAtt6Type,BonusAtt6V1,BonusAtt6V2,BonusAtt7Num,BonusAtt7Type,BonusAtt7V1,BonusAtt7V2,BonusAtt8Num,BonusAtt8Type,BonusAtt8V1,BonusAtt8V2,SkillAtt1Type,SkillAtt1V1,SkillAtt1V2,CoinType,BasePrice,BuyoutPrice,AddPrice,BasePriceWorld,BuyoutPriceWorld,AddPriceWorld,MaxAuctionCount,MBI_Type,comment,extraField
秘籍残页都填3,秘籍填1；残页填2,同类残页秘籍填一样的数，顺着排,秘籍填1；残页填1-9,同类秘籍标示,攻击1；防御2；攻防3,秘籍或残页名称,道具种类,文字描述,图标,,,交易最低价,交易最高价,男掉落表现,女掉落表现,绑定,卖店价格,使用等级,蓝2紫3橙4,最大叠加数,脚本名,属性类型1,属性数值,,属性类型2,属性数值,,,,,,,,,,,,,,,,,,,,,,,,,,,,,,,,,,,,,,,,,,,,,运营识别类型,注释,描述道具的额外字段
3,1,5,1,5,3,九阴真经,秘籍,[7E6641FF]合天下上乘武学之原理而成的奇书[-],Miji_Jiuyinzhenjing,Miji,,,,,,1,50000,10,2,1,book,,,,,,,180,attack_v,4,75,180,defense_v,4,31,270,attack_v,4,82,270,defense_v,4,34,360,attack_v,4,90,360,defense_v,4,37,450,attack_v,4,97,450,defense_v,4,40,add_passive_buff,314,1,,,,,,,,,秘籍原本,,
3,2,5,1,5,3,九阴真经·页一,秘籍残页,[ffce49]【九阴真意】  九阴真经第1式[-]<enter><enter>[32af3e]炼阴阳互补之劲力，载当世绝学之招式，宜攻宜守。[-],Mijicanye_Jiuyinzhenjing,Wupin,0,100,500,11,11,0,10,,2,9999,book,attack_v,4,309,defense_v,4,127,,,,,,,,,,,,,,,,,,,,,,,,,,,,,,,,,,,,,,,,,,,,秘籍升级材料,残页,
3,2,5,2,5,3,九阴真经·页二,秘籍残页,[ffce49]【易筋锻骨】  九阴真经第2式[-]<enter><enter>[32af3e]或动或静，炼就铁骨钢筋。[-],Mijicanye_Jiuyinzhenjing,Wupin,0,100,500,11,11,0,10,,2,9999,book,attack_v,4,309,defense_v,4,127,,,,,,,,,,,,,,,,,,,,,,,,,,,,,,,,,,,,,,,,,,,,秘籍升级材料,残页,
3,2,5,3,5,3,九阴真经·页三,秘籍残页,[ffce49]【奇穴秘旨】  九阴真经第3式[-]<enter><enter>[32af3e]囊括了点穴、解穴、通穴之诀窍。[-],Mijicanye_Jiuyinzhenjing,Wupin,0,100,500,11,11,0,10,,2,9999,book,attack_v,4,309,defense_v,4,127,,,,,,,,,,,,,,,,,,,,,,,,,,,,,,,,,,,,,,,,,,,,秘籍升级材料,残页,
3,2,5,4,5,3,九阴真经·页四,秘籍残页,[ffce49]【收筋缩骨】  九阴真经第4式[-]<enter><enter>[32af3e]以特殊法门，将全身筋骨蜷缩至极小。[-],Mijicanye_Jiuyinzhenjing,Wupin,0,100,500,11,11,0,10,,2,9999,book,attack_v,4,309,defense_v,4,127,,,,,,,,,,,,,,,,,,,,,,,,,,,,,,,,,,,,,,,,,,,,秘籍升级材料,残页,
3,2,5,5,5,3,九阴真经·页五,秘籍残页,[ffce49]【摄魂移心】  九阴真经第5式[-]<enter><enter>[32af3e]摄心之术，动摇对手心志。[-],Mijicanye_Jiuyinzhenjing,Wupin,0,100,500,11,11,0,10,,2,9999,book,attack_v,4,309,defense_v,4,127,,,,,,,,,,,,,,,,,,,,,,,,,,,,,,,,,,,,,,,,,,,,秘籍升级材料,残页,
3,2,5,6,5,3,九阴真经·页六,秘籍残页,[ffce49]【闭气凝神】  九阴真经第6式[-]<enter><enter>[32af3e]闭气的诀窍，可匿于水下。[-],Mijicanye_Jiuyinzhenjing,Wupin,0,100,500,11,11,0,10,,2,9999,book,attack_v,4,309,defense_v,4,127,,,,,,,,,,,,,,,,,,,,,,,,,,,,,,,,,,,,,,,,,,,,秘籍升级材料,残页,
3,2,5,7,5,3,九阴真经·页七,秘籍残页,[ffce49]【探爪破敌】  九阴真经第7式[-]<enter><enter>[32af3e]以爪力撕扯敌人，无坚不摧。[-],Mijicanye_Jiuyinzhenjing,Wupin,0,100,500,11,11,0,10,,2,9999,book,attack_v,4,309,defense_v,4,127,,,,,,,,,,,,,,,,,,,,,,,,,,,,,,,,,,,,,,,,,,,,秘籍升级材料,残页,
3,2,5,8,5,3,九阴真经·页八,秘籍残页,[ffce49]【神掌摧心】  九阴真经第8式[-]<enter><enter>[32af3e]以内劲震碎敌人五脏六腑，威力强大。[-],Mijicanye_Jiuyinzhenjing,Wupin,0,200,1000,11,11,0,10,,2,9999,book,attack_v,4,402,defense_v,4,165,,,,,,,,,,,,,,,,,,,,,,,,,,,,,,,,,,,,,,,,,,,,秘籍升级材料,残页,
3,2,5,9,5,3,九阴真经·页九,秘籍残页,[ffce49]【理气疗毒】  九阴真经第9式[-]<enter><enter>[32af3e]若有内伤，可以此秘诀迅速疗伤。[-],Mijicanye_Jiuyinzhenjing,Wupin,0,300,1500,11,11,0,10,,2,9999,book,attack_v,4,526,defense_v,4,215,,,,,,,,,,,,,,,,,,,,,,,,,,,,,,,,,,,,,,,,,,,,秘籍升级材料,残页,
