G,D,P,L,BookId,Category,Name,Type,Desc,Icon,IconAtlas,CanTrade,MinTradePrice,MaxTradePrice,DropMaleId,DropFemaleId,Bind,Sell,UseLevel,Quality,MaxStack,LuaClass,Att1Type,Att1V1,Att1V2,Att2Type,Att2V1,Att2V2,BonusAtt1Num,BonusAtt1Type,BonusAtt1V1,BonusAtt1V2,BonusAtt2Num,BonusAtt2Type,BonusAtt2V1,BonusAtt2V2,BonusAtt3Num,BonusAtt3Type,BonusAtt3V1,BonusAtt3V2,BonusAtt4Num,BonusAtt4Type,BonusAtt4V1,BonusAtt4V2,BonusAtt5Num,BonusAtt5Type,BonusAtt5V1,BonusAtt5V2,BonusAtt6Num,BonusAtt6Type,BonusAtt6V1,BonusAtt6V2,BonusAtt7Num,BonusAtt7Type,BonusAtt7V1,BonusAtt7V2,BonusAtt8Num,BonusAtt8Type,BonusAtt8V1,BonusAtt8V2,SkillAtt1Type,SkillAtt1V1,SkillAtt1V2,CoinType,BasePrice,BuyoutPrice,AddPrice,BasePriceWorld,BuyoutPriceWorld,AddPriceWorld,MaxAuctionCount,MBI_Type,comment,extraField
秘籍残页都填3,秘籍填1；残页填2,同类残页秘籍填一样的数，顺着排,秘籍填1；残页填1-9,同类秘籍标示,攻击1；防御2；攻防3,秘籍或残页名称,道具种类,文字描述,图标,,,交易最低价,交易最高价,男掉落表现,女掉落表现,绑定,卖店价格,使用等级,蓝2紫3橙4,最大叠加数,脚本名,属性类型1,属性数值,,属性类型2,属性数值,,,,,,,,,,,,,,,,,,,,,,,,,,,,,,,,,,,,,,,,,,,,,运营识别类型,注释,描述道具的额外字段
3,1,6,1,6,3,九阳神功,秘籍,[7E6641FF]以至阳真力为凭，是内功的无上法门[-],Miji_Jiuyangshengong,Miji,,,,,,1,50000,10,2,1,book,,,,,,,180,attack_v,4,75,180,defense_v,4,31,270,attack_v,4,82,270,defense_v,4,34,360,attack_v,4,90,360,defense_v,4,37,450,attack_v,4,97,450,defense_v,4,40,add_passive_buff,304,1,,,,,,,,,秘籍原本,,
3,2,6,1,6,3,九阳神功·页一,秘籍残页,[ffce49]【九阳真旨】  九阳神功第1式[-]<enter><enter>[32af3e]真气充盈，自在周天循环，至阳之力生生不息。[-],Mijicanye_Jiuyangshengong,Wupin,0,100,500,11,11,0,10,,2,9999,book,attack_v,4,309,defense_v,4,127,,,,,,,,,,,,,,,,,,,,,,,,,,,,,,,,,,,,,,,,,,,,秘籍升级材料,残页,
3,2,6,2,6,3,九阳神功·页二,秘籍残页,[ffce49]【先天之气】  九阳神功第2式[-]<enter><enter>[32af3e]人之内劲，阴阳相成，引先天阳气，循环周身。[-],Mijicanye_Jiuyangshengong,Wupin,0,100,500,11,11,0,10,,2,9999,book,attack_v,4,309,defense_v,4,127,,,,,,,,,,,,,,,,,,,,,,,,,,,,,,,,,,,,,,,,,,,,秘籍升级材料,残页,
3,2,6,3,6,3,九阳神功·页三,秘籍残页,[ffce49]【气如丹心】  九阳神功第3式[-]<enter><enter>[32af3e]凝阳气，使其精纯如赤心。[-],Mijicanye_Jiuyangshengong,Wupin,0,100,500,11,11,0,10,,2,9999,book,attack_v,4,309,defense_v,4,127,,,,,,,,,,,,,,,,,,,,,,,,,,,,,,,,,,,,,,,,,,,,秘籍升级材料,残页,
3,2,6,4,6,3,九阳神功·页四,秘籍残页,[ffce49]【心沉乾阳】  九阳神功第4式[-]<enter><enter>[32af3e]阳气充盈如取乾卦之天象，气沉丹田。[-],Mijicanye_Jiuyangshengong,Wupin,0,100,500,11,11,0,10,,2,9999,book,attack_v,4,309,defense_v,4,127,,,,,,,,,,,,,,,,,,,,,,,,,,,,,,,,,,,,,,,,,,,,秘籍升级材料,残页,
3,2,6,5,6,3,九阳神功·页五,秘籍残页,[ffce49]【阳气不息】  九阳神功第5式[-]<enter><enter>[32af3e]至阳之气可自在圆转，循环不息。[-],Mijicanye_Jiuyangshengong,Wupin,0,100,500,11,11,0,10,,2,9999,book,attack_v,4,309,defense_v,4,127,,,,,,,,,,,,,,,,,,,,,,,,,,,,,,,,,,,,,,,,,,,,秘籍升级材料,残页,
3,2,6,6,6,3,九阳神功·页六,秘籍残页,[ffce49]【炎阳炙身】  九阳神功第6式[-]<enter><enter>[32af3e]引阳气冲击周身之穴，四体百骸如炎阳烤炙，炽热如火。[-],Mijicanye_Jiuyangshengong,Wupin,0,100,500,11,11,0,10,,2,9999,book,attack_v,4,309,defense_v,4,127,,,,,,,,,,,,,,,,,,,,,,,,,,,,,,,,,,,,,,,,,,,,秘籍升级材料,残页,
3,2,6,7,6,3,九阳神功·页七,秘籍残页,[ffce49]【乾乾焚意】  九阳神功第7式[-]<enter><enter>[32af3e]环绕周身之阳气渐趋平寂，然意念如遭火焚，灼热难当。[-],Mijicanye_Jiuyangshengong,Wupin,0,100,500,11,11,0,10,,2,9999,book,attack_v,4,309,defense_v,4,127,,,,,,,,,,,,,,,,,,,,,,,,,,,,,,,,,,,,,,,,,,,,秘籍升级材料,残页,
3,2,6,8,6,3,九阳神功·页八,秘籍残页,[ffce49]【灵凤浴火】  九阳神功第8式[-]<enter><enter>[32af3e]阳气冲破意念之束缚，周身穴道通畅，如灵凤浴火重生。[-],Mijicanye_Jiuyangshengong,Wupin,0,200,1000,11,11,0,10,,2,9999,book,attack_v,4,402,defense_v,4,165,,,,,,,,,,,,,,,,,,,,,,,,,,,,,,,,,,,,,,,,,,,,秘籍升级材料,残页,
3,2,6,9,6,3,九阳神功·页九,秘籍残页,[ffce49]【九阳功成】  九阳神功第9式[-]<enter><enter>[32af3e]阳气圆转不息，神功大成。[-],Mijicanye_Jiuyangshengong,Wupin,0,300,1500,11,11,0,10,,2,9999,book,attack_v,4,526,defense_v,4,215,,,,,,,,,,,,,,,,,,,,,,,,,,,,,,,,,,,,,,,,,,,,秘籍升级材料,残页,
