G,D,P,L,BookId,Category,Name,Type,Desc,Icon,IconAtlas,CanTrade,MinTradePrice,MaxTradePrice,DropMaleId,DropFemaleId,Bind,Sell,UseLevel,Quality,MaxStack,LuaClass,Att1Type,Att1V1,Att1V2,Att2Type,Att2V1,Att2V2,BonusAtt1Num,BonusAtt1Type,BonusAtt1V1,BonusAtt1V2,BonusAtt2Num,BonusAtt2Type,BonusAtt2V1,BonusAtt2V2,BonusAtt3Num,BonusAtt3Type,BonusAtt3V1,BonusAtt3V2,BonusAtt4Num,BonusAtt4Type,BonusAtt4V1,BonusAtt4V2,BonusAtt5Num,BonusAtt5Type,BonusAtt5V1,BonusAtt5V2,BonusAtt6Num,BonusAtt6Type,BonusAtt6V1,BonusAtt6V2,BonusAtt7Num,BonusAtt7Type,BonusAtt7V1,BonusAtt7V2,BonusAtt8Num,BonusAtt8Type,BonusAtt8V1,BonusAtt8V2,SkillAtt1Type,SkillAtt1V1,SkillAtt1V2,CoinType,BasePrice,BuyoutPrice,AddPrice,BasePriceWorld,BuyoutPriceWorld,AddPriceWorld,MaxAuctionCount,MBI_Type,comment,extraField
秘籍残页都填3,秘籍填1；残页填2,同类残页秘籍填一样的数，顺着排,秘籍填1；残页填1-9,同类秘籍标示,攻击1；防御2；攻防3,秘籍或残页名称,道具种类,文字描述,图标,,,交易最低价,交易最高价,男掉落表现,女掉落表现,绑定,卖店价格,使用等级,蓝2紫3橙4,最大叠加数,脚本名,属性类型1,属性数值,,属性类型2,属性数值,,,,,,,,,,,,,,,,,,,,,,,,,,,,,,,,,,,,,,,,,,,,,运营识别类型,注释,描述道具的额外字段
3,1,7,1,7,1,辟邪剑谱,秘籍,[7E6641FF]诡谲刁钻的剑法，能攻敌于不备[-],Miji_Bixiejianpu,Miji,,,,,,1,50000,10,2,1,book,,,,,,,180,attack_v,4,69,180,defense_v,4,23,270,attack_v,4,76,270,defense_v,4,25,360,attack_v,4,83,360,defense_v,4,28,450,attack_v,4,90,450,defense_v,4,30,add_passive_buff,308,1,,,,,,,,,秘籍原本,,
3,2,7,1,7,1,辟邪剑谱·页一,秘籍残页,[ffce49]【总诀式】  辟邪剑谱第1式[-]<enter><enter>[32af3e]剑招之威在其诡。[-],Mijicanye_Bixiejianpu,Wupin,0,50,250,11,11,0,10,,2,9999,book,attack_v,4,287,defense_v,4,96,,,,,,,,,,,,,,,,,,,,,,,,,,,,,,,,,,,,,,,,,,,,秘籍升级材料,残页,
3,2,7,2,7,1,辟邪剑谱·页二,秘籍残页,[ffce49]【堕飞星】  辟邪剑谱第2式[-]<enter><enter>[32af3e]九天飞星，堕而入地。[-],Mijicanye_Bixiejianpu,Wupin,0,50,250,11,11,0,10,,2,9999,book,attack_v,4,287,defense_v,4,96,,,,,,,,,,,,,,,,,,,,,,,,,,,,,,,,,,,,,,,,,,,,秘籍升级材料,残页,
3,2,7,3,7,1,辟邪剑谱·页三,秘籍残页,[ffce49]【荡群魔】  辟邪剑谱第3式[-]<enter><enter>[32af3e]气荡之处，群魔溃散。[-],Mijicanye_Bixiejianpu,Wupin,0,50,250,11,11,0,10,,2,9999,book,attack_v,4,287,defense_v,4,96,,,,,,,,,,,,,,,,,,,,,,,,,,,,,,,,,,,,,,,,,,,,秘籍升级材料,残页,
3,2,7,4,7,1,辟邪剑谱·页四,秘籍残页,[ffce49]【捣黄龙】  辟邪剑谱第4式[-]<enter><enter>[32af3e]剑速至极，直捣黄龙。[-],Mijicanye_Bixiejianpu,Wupin,0,50,250,11,11,0,10,,2,9999,book,attack_v,4,287,defense_v,4,96,,,,,,,,,,,,,,,,,,,,,,,,,,,,,,,,,,,,,,,,,,,,秘籍升级材料,残页,
3,2,7,5,7,1,辟邪剑谱·页五,秘籍残页,[ffce49]【莽钟馗】  辟邪剑谱第5式[-]<enter><enter>[32af3e]莽如钟馗，鬼邪惊惧。[-],Mijicanye_Bixiejianpu,Wupin,0,50,250,11,11,0,10,,2,9999,book,attack_v,4,287,defense_v,4,96,,,,,,,,,,,,,,,,,,,,,,,,,,,,,,,,,,,,,,,,,,,,秘籍升级材料,残页,
3,2,7,6,7,1,辟邪剑谱·页六,秘籍残页,[ffce49]【穿杨柳】  辟邪剑谱第6式[-]<enter><enter>[32af3e]剑穿杨柳，如拂清风。[-],Mijicanye_Bixiejianpu,Wupin,0,50,250,11,11,0,10,,2,9999,book,attack_v,4,287,defense_v,4,96,,,,,,,,,,,,,,,,,,,,,,,,,,,,,,,,,,,,,,,,,,,,秘籍升级材料,残页,
3,2,7,7,7,1,辟邪剑谱·页七,秘籍残页,[ffce49]【刺秦王】  辟邪剑谱第7式[-]<enter><enter>[32af3e]荆轲刺秦，智勇无匹。[-],Mijicanye_Bixiejianpu,Wupin,0,50,250,11,11,0,10,,2,9999,book,attack_v,4,287,defense_v,4,96,,,,,,,,,,,,,,,,,,,,,,,,,,,,,,,,,,,,,,,,,,,,秘籍升级材料,残页,
3,2,7,8,7,1,辟邪剑谱·页八,秘籍残页,[ffce49]【绞天狼】  辟邪剑谱第8式[-]<enter><enter>[32af3e]剑绞繁花，诛尽天狼。[-],Mijicanye_Bixiejianpu,Wupin,0,100,500,11,11,0,10,,2,9999,book,attack_v,4,373,defense_v,4,124,,,,,,,,,,,,,,,,,,,,,,,,,,,,,,,,,,,,,,,,,,,,秘籍升级材料,残页,
3,2,7,9,7,1,辟邪剑谱·页九,秘籍残页,[ffce49]【诛邪首】  辟邪剑谱第9式[-]<enter><enter>[32af3e]剑快如星，诛邪之首。[-],Mijicanye_Bixiejianpu,Wupin,0,150,750,11,11,0,10,,2,9999,book,attack_v,4,488,defense_v,4,163,,,,,,,,,,,,,,,,,,,,,,,,,,,,,,,,,,,,,,,,,,,,秘籍升级材料,残页,
