G,D,P,L,BookId,Category,Name,Type,Desc,Icon,IconAtlas,CanTrade,MinTradePrice,MaxTradePrice,DropMaleId,DropFemaleId,Bind,Sell,UseLevel,Quality,MaxStack,LuaClass,Att1Type,Att1V1,Att1V2,Att2Type,Att2V1,Att2V2,BonusAtt1Num,BonusAtt1Type,BonusAtt1V1,BonusAtt1V2,BonusAtt2Num,BonusAtt2Type,BonusAtt2V1,BonusAtt2V2,BonusAtt3Num,BonusAtt3Type,BonusAtt3V1,BonusAtt3V2,BonusAtt4Num,BonusAtt4Type,BonusAtt4V1,BonusAtt4V2,BonusAtt5Num,BonusAtt5Type,BonusAtt5V1,BonusAtt5V2,BonusAtt6Num,BonusAtt6Type,BonusAtt6V1,BonusAtt6V2,BonusAtt7Num,BonusAtt7Type,BonusAtt7V1,BonusAtt7V2,BonusAtt8Num,BonusAtt8Type,BonusAtt8V1,BonusAtt8V2,SkillAtt1Type,SkillAtt1V1,SkillAtt1V2,CoinType,BasePrice,BuyoutPrice,AddPrice,BasePriceWorld,BuyoutPriceWorld,AddPriceWorld,MaxAuctionCount,MBI_Type,comment,extraField
秘籍残页都填3,秘籍填1；残页填2,同类残页秘籍填一样的数，顺着排,秘籍填1；残页填1-9,同类秘籍标示,攻击1；防御2；攻防3,秘籍或残页名称,道具种类,文字描述,图标,,,交易最低价,交易最高价,男掉落表现,女掉落表现,绑定,卖店价格,使用等级,蓝2紫3橙4,最大叠加数,脚本名,属性类型1,属性数值,,属性类型2,属性数值,,,,,,,,,,,,,,,,,,,,,,,,,,,,,,,,,,,,,,,,,,,,,运营识别类型,注释,描述道具的额外字段
3,1,8,1,8,1,六脉神剑,秘籍,[7E6641FF]以真气形成气剑，出于指端击打敌人[-],Miji_Liumaishenjian,Miji,,,,,,1,50000,10,2,1,book,,,,,,,180,attack_v,4,69,180,defense_v,4,23,270,attack_v,4,76,270,defense_v,4,25,360,attack_v,4,83,360,defense_v,4,28,450,attack_v,4,90,450,defense_v,4,30,add_passive_buff,309,1,,,,,,,,,秘籍原本,,
3,2,8,1,8,1,六脉神剑·页一,秘籍残页,[ffce49]【总诀篇】  六脉神剑第1式[-]<enter><enter>[32af3e]经脉者，所以能决死生。御天地之气，循经脉而出之。[-],Mijicanye_Liumaishenjian,Wupin,0,50,250,11,11,0,10,,2,9999,book,attack_v,4,287,defense_v,4,96,,,,,,,,,,,,,,,,,,,,,,,,,,,,,,,,,,,,,,,,,,,,秘籍升级材料,残页,
3,2,8,2,8,1,六脉神剑·页二,秘籍残页,[ffce49]【中冲剑】  六脉神剑第2式[-]<enter><enter>[32af3e]心主出中冲。气循手厥阴心经，至右手中指之端。[-],Mijicanye_Liumaishenjian,Wupin,0,50,250,11,11,0,10,,2,9999,book,attack_v,4,287,defense_v,4,96,,,,,,,,,,,,,,,,,,,,,,,,,,,,,,,,,,,,,,,,,,,,秘籍升级材料,残页,
3,2,8,3,8,1,六脉神剑·页三,秘籍残页,[ffce49]【关冲剑】  六脉神剑第3式[-]<enter><enter>[32af3e]三焦上合手少阳，出于关冲。气循手少阳三焦经，至右手小指次指之端。[-],Mijicanye_Liumaishenjian,Wupin,0,50,250,11,11,0,10,,2,9999,book,attack_v,4,287,defense_v,4,96,,,,,,,,,,,,,,,,,,,,,,,,,,,,,,,,,,,,,,,,,,,,秘籍升级材料,残页,
3,2,8,4,8,1,六脉神剑·页四,秘籍残页,[ffce49]【商阳剑】  六脉神剑第4式[-]<enter><enter>[32af3e]大肠合手阳明，出于商阳。气循手阳明肠经，至右手大指次指内侧。[-],Mijicanye_Liumaishenjian,Wupin,0,50,250,11,11,0,10,,2,9999,book,attack_v,4,287,defense_v,4,96,,,,,,,,,,,,,,,,,,,,,,,,,,,,,,,,,,,,,,,,,,,,秘籍升级材料,残页,
3,2,8,5,8,1,六脉神剑·页五,秘籍残页,[ffce49]【少商剑】  六脉神剑第5式[-]<enter><enter>[32af3e]肺出少商。气循手太阴肺经，至左手大指内侧。[-],Mijicanye_Liumaishenjian,Wupin,0,50,250,11,11,0,10,,2,9999,book,attack_v,4,287,defense_v,4,96,,,,,,,,,,,,,,,,,,,,,,,,,,,,,,,,,,,,,,,,,,,,秘籍升级材料,残页,
3,2,8,6,8,1,六脉神剑·页六,秘籍残页,[ffce49]【少泽剑】  六脉神剑第6式[-]<enter><enter>[32af3e]小肠上合手太阳，出于少泽。气循手太阳肠经，至左手小指之端。[-],Mijicanye_Liumaishenjian,Wupin,0,50,250,11,11,0,10,,2,9999,book,attack_v,4,287,defense_v,4,96,,,,,,,,,,,,,,,,,,,,,,,,,,,,,,,,,,,,,,,,,,,,秘籍升级材料,残页,
3,2,8,7,8,1,六脉神剑·页七,秘籍残页,[ffce49]【少冲剑】  六脉神剑第7式[-]<enter><enter>[32af3e]心出少冲。气循手少阴心经，至左手小指内廉之端。[-],Mijicanye_Liumaishenjian,Wupin,0,50,250,11,11,0,10,,2,9999,book,attack_v,4,287,defense_v,4,96,,,,,,,,,,,,,,,,,,,,,,,,,,,,,,,,,,,,,,,,,,,,秘籍升级材料,残页,
3,2,8,8,8,1,六脉神剑·页八,秘籍残页,[ffce49]【收气篇】  六脉神剑第8式[-]<enter><enter>[32af3e]精气之分，无闻人声，以收其精，必一其神。[-],Mijicanye_Liumaishenjian,Wupin,0,100,500,11,11,0,10,,2,9999,book,attack_v,4,373,defense_v,4,124,,,,,,,,,,,,,,,,,,,,,,,,,,,,,,,,,,,,,,,,,,,,秘籍升级材料,残页,
3,2,8,9,8,1,六脉神剑·页九,秘籍残页,[ffce49]【循气篇】  六脉神剑第9式[-]<enter><enter>[32af3e]气内循于五脏，而外络支节。阴阳相随，外内相贯。[-],Mijicanye_Liumaishenjian,Wupin,0,150,750,11,11,0,10,,2,9999,book,attack_v,4,488,defense_v,4,163,,,,,,,,,,,,,,,,,,,,,,,,,,,,,,,,,,,,,,,,,,,,秘籍升级材料,残页,
