G,D,P,L,BookId,Category,Name,Type,Desc,Icon,IconAtlas,CanTrade,MinTradePrice,MaxTradePrice,DropMaleId,DropFemaleId,Bind,Sell,UseLevel,Quality,MaxStack,LuaClass,Att1Type,Att1V1,Att1V2,Att2Type,Att2V1,Att2V2,BonusAtt1Num,BonusAtt1Type,BonusAtt1V1,BonusAtt1V2,BonusAtt2Num,BonusAtt2Type,BonusAtt2V1,BonusAtt2V2,BonusAtt3Num,BonusAtt3Type,BonusAtt3V1,BonusAtt3V2,BonusAtt4Num,BonusAtt4Type,BonusAtt4V1,BonusAtt4V2,BonusAtt5Num,BonusAtt5Type,BonusAtt5V1,BonusAtt5V2,BonusAtt6Num,BonusAtt6Type,BonusAtt6V1,BonusAtt6V2,BonusAtt7Num,BonusAtt7Type,BonusAtt7V1,BonusAtt7V2,BonusAtt8Num,BonusAtt8Type,BonusAtt8V1,BonusAtt8V2,SkillAtt1Type,SkillAtt1V1,SkillAtt1V2,CoinType,BasePrice,BuyoutPrice,AddPrice,BasePriceWorld,BuyoutPriceWorld,AddPriceWorld,MaxAuctionCount,MBI_Type,comment,extraField
秘籍残页都填3,秘籍填1；残页填2,同类残页秘籍填一样的数，顺着排,秘籍填1；残页填1-9,同类秘籍标示,攻击1；防御2；攻防3,秘籍或残页名称,道具种类,文字描述,图标,,,交易最低价,交易最高价,男掉落表现,女掉落表现,绑定,卖店价格,使用等级,蓝2紫3橙4,最大叠加数,脚本名,属性类型1,属性数值,,属性类型2,属性数值,,,,,,,,,,,,,,,,,,,,,,,,,,,,,,,,,,,,,,,,,,,,,运营识别类型,注释,描述道具的额外字段
3,1,9,1,9,2,斗转星移,秘籍,[7E6641FF]借力打力之法门，讲求还诸彼身[-],Miji_Douzhuanxingyi,Miji,,,,,,1,50000,10,2,1,book,,,,,,,180,attack_v,4,58,180,defense_v,4,29,270,attack_v,4,64,270,defense_v,4,32,360,attack_v,4,69,360,defense_v,4,35,450,attack_v,4,75,450,defense_v,4,38,add_passive_buff,318,1,,,,,,,,,秘籍原本,,
3,2,9,1,9,2,斗转星移·页一,秘籍残页,[ffce49]【贪狼】  斗转星移第1式[-]<enter><enter>[32af3e]北斗第一星，属水木，主祸福。[-],Mijicanye_Douzhuanxingyi,Wupin,0,50,250,11,11,0,10,,2,9999,book,attack_v,4,239,defense_v,4,120,,,,,,,,,,,,,,,,,,,,,,,,,,,,,,,,,,,,,,,,,,,,秘籍升级材料,残页,
3,2,9,2,9,2,斗转星移·页二,秘籍残页,[ffce49]【巨门】  斗转星移第2式[-]<enter><enter>[32af3e]北斗第二星，属阴土，主是非。[-],Mijicanye_Douzhuanxingyi,Wupin,0,50,250,11,11,0,10,,2,9999,book,attack_v,4,239,defense_v,4,120,,,,,,,,,,,,,,,,,,,,,,,,,,,,,,,,,,,,,,,,,,,,秘籍升级材料,残页,
3,2,9,3,9,2,斗转星移·页三,秘籍残页,[ffce49]【禄存】  斗转星移第3式[-]<enter><enter>[32af3e]北斗第三星，属己土，主财运。[-],Mijicanye_Douzhuanxingyi,Wupin,0,50,250,11,11,0,10,,2,9999,book,attack_v,4,239,defense_v,4,120,,,,,,,,,,,,,,,,,,,,,,,,,,,,,,,,,,,,,,,,,,,,秘籍升级材料,残页,
3,2,9,4,9,2,斗转星移·页四,秘籍残页,[ffce49]【文曲】  斗转星移第4式[-]<enter><enter>[32af3e]北斗第四星，属癸水，主功名。[-],Mijicanye_Douzhuanxingyi,Wupin,0,50,250,11,11,0,10,,2,9999,book,attack_v,4,239,defense_v,4,120,,,,,,,,,,,,,,,,,,,,,,,,,,,,,,,,,,,,,,,,,,,,秘籍升级材料,残页,
3,2,9,5,9,2,斗转星移·页五,秘籍残页,[ffce49]【廉贞】  斗转星移第5式[-]<enter><enter>[32af3e]北斗第五星，属阴火，主官禄。[-],Mijicanye_Douzhuanxingyi,Wupin,0,50,250,11,11,0,10,,2,9999,book,attack_v,4,239,defense_v,4,120,,,,,,,,,,,,,,,,,,,,,,,,,,,,,,,,,,,,,,,,,,,,秘籍升级材料,残页,
3,2,9,6,9,2,斗转星移·页六,秘籍残页,[ffce49]【武曲】  斗转星移第6式[-]<enter><enter>[32af3e]北斗第六星，属阴金，主征服。[-],Mijicanye_Douzhuanxingyi,Wupin,0,50,250,11,11,0,10,,2,9999,book,attack_v,4,239,defense_v,4,120,,,,,,,,,,,,,,,,,,,,,,,,,,,,,,,,,,,,,,,,,,,,秘籍升级材料,残页,
3,2,9,7,9,2,斗转星移·页七,秘籍残页,[ffce49]【破军】  斗转星移第7式[-]<enter><enter>[32af3e]北斗第七星，属阴水，主杀伐。[-],Mijicanye_Douzhuanxingyi,Wupin,0,50,250,11,11,0,10,,2,9999,book,attack_v,4,239,defense_v,4,120,,,,,,,,,,,,,,,,,,,,,,,,,,,,,,,,,,,,,,,,,,,,秘籍升级材料,残页,
3,2,9,8,9,2,斗转星移·页八,秘籍残页,[ffce49]【左辅】  斗转星移第8式[-]<enter><enter>[32af3e]紫微斗数属土，善星，诸宫降福，吉。[-],Mijicanye_Douzhuanxingyi,Wupin,0,100,500,11,11,0,10,,2,9999,book,attack_v,4,311,defense_v,4,155,,,,,,,,,,,,,,,,,,,,,,,,,,,,,,,,,,,,,,,,,,,,秘籍升级材料,残页,
3,2,9,9,9,2,斗转星移·页九,秘籍残页,[ffce49]【右弼】  斗转星移第9式[-]<enter><enter>[32af3e]紫薇斗数属水，善星，良善和谐，吉。[-],Mijicanye_Douzhuanxingyi,Wupin,0,150,750,11,11,0,10,,2,9999,book,attack_v,4,406,defense_v,4,203,,,,,,,,,,,,,,,,,,,,,,,,,,,,,,,,,,,,,,,,,,,,秘籍升级材料,残页,
