G,D,P,L,BookId,Category,Name,Type,Desc,Icon,IconAtlas,CanTrade,MinTradePrice,MaxTradePrice,DropMaleId,DropFemaleId,Bind,Sell,UseLevel,Quality,MaxStack,LuaClass,Att1Type,Att1V1,Att1V2,Att2Type,Att2V1,Att2V2,BonusAtt1Num,BonusAtt1Type,BonusAtt1V1,BonusAtt1V2,BonusAtt2Num,BonusAtt2Type,BonusAtt2V1,BonusAtt2V2,BonusAtt3Num,BonusAtt3Type,BonusAtt3V1,BonusAtt3V2,BonusAtt4Num,BonusAtt4Type,BonusAtt4V1,BonusAtt4V2,BonusAtt5Num,BonusAtt5Type,BonusAtt5V1,BonusAtt5V2,BonusAtt6Num,BonusAtt6Type,BonusAtt6V1,BonusAtt6V2,BonusAtt7Num,BonusAtt7Type,BonusAtt7V1,BonusAtt7V2,BonusAtt8Num,BonusAtt8Type,BonusAtt8V1,BonusAtt8V2,SkillAtt1Type,SkillAtt1V1,SkillAtt1V2,CoinType,BasePrice,BuyoutPrice,AddPrice,BasePriceWorld,BuyoutPriceWorld,AddPriceWorld,MaxAuctionCount,MBI_Type,comment,extraField
秘籍残页都填3,秘籍填1；残页填2,同类残页秘籍填一样的数，顺着排,秘籍填1；残页填1-9,同类秘籍标示,攻击1；防御2；攻防3,秘籍或残页名称,道具种类,文字描述,图标,,,交易最低价,交易最高价,男掉落表现,女掉落表现,绑定,卖店价格,使用等级,蓝2紫3橙4,最大叠加数,脚本名,属性类型1,属性数值,,属性类型2,属性数值,,,,,,,,,,,,,,,,,,,,,,,,,,,,,,,,,,,,,,,,,,,,,运营识别类型,注释,描述道具的额外字段
3,1,10,1,10,2,凌波微步,秘籍,[7E6641FF]极上乘的轻功，如洛神仙子踏水而来[-],Miji_Linboweibu,Miji,,,,,,1,50000,10,2,1,book,,,,,,,180,attack_v,4,58,180,defense_v,4,29,270,attack_v,4,64,270,defense_v,4,32,360,attack_v,4,69,360,defense_v,4,35,450,attack_v,4,75,450,defense_v,4,38,add_passive_buff,316,1,,,,,,,,,秘籍原本,,
3,2,10,1,10,2,凌波微步·页一,秘籍残页,[ffce49]【洛神凌波】  凌波微步第1式[-]<enter><enter>[32af3e]气转周天，身轻如鸿，呈之以洛神凌波之意。[-],Mijicanye_Lingboweibu,Wupin,0,50,250,11,11,0,10,,2,9999,book,attack_v,4,239,defense_v,4,120,,,,,,,,,,,,,,,,,,,,,,,,,,,,,,,,,,,,,,,,,,,,秘籍升级材料,残页,
3,2,10,2,10,2,凌波微步·页二,秘籍残页,[ffce49]【翩若惊鸿】  凌波微步第2式[-]<enter><enter>[32af3e]翩若惊鸿，婉若游龙。[-],Mijicanye_Lingboweibu,Wupin,0,50,250,11,11,0,10,,2,9999,book,attack_v,4,239,defense_v,4,120,,,,,,,,,,,,,,,,,,,,,,,,,,,,,,,,,,,,,,,,,,,,秘籍升级材料,残页,
3,2,10,3,10,2,凌波微步·页三,秘籍残页,[ffce49]【轻云蔽月】  凌波微步第3式[-]<enter><enter>[32af3e]仿佛兮若轻云之蔽月。[-],Mijicanye_Lingboweibu,Wupin,0,50,250,11,11,0,10,,2,9999,book,attack_v,4,239,defense_v,4,120,,,,,,,,,,,,,,,,,,,,,,,,,,,,,,,,,,,,,,,,,,,,秘籍升级材料,残页,
3,2,10,4,10,2,凌波微步·页四,秘籍残页,[ffce49]【流风回雪】  凌波微步第4式[-]<enter><enter>[32af3e]飘飖兮若流风之回雪。[-],Mijicanye_Lingboweibu,Wupin,0,50,250,11,11,0,10,,2,9999,book,attack_v,4,239,defense_v,4,120,,,,,,,,,,,,,,,,,,,,,,,,,,,,,,,,,,,,,,,,,,,,秘籍升级材料,残页,
3,2,10,5,10,2,凌波微步·页五,秘籍残页,[ffce49]【轻裾摇曳】  凌波微步第5式[-]<enter><enter>[32af3e]践远游之文履，曳雾绡之轻裾。[-],Mijicanye_Lingboweibu,Wupin,0,50,250,11,11,0,10,,2,9999,book,attack_v,4,239,defense_v,4,120,,,,,,,,,,,,,,,,,,,,,,,,,,,,,,,,,,,,,,,,,,,,秘籍升级材料,残页,
3,2,10,6,10,2,凌波微步·页六,秘籍残页,[ffce49]【纵身遨游】  凌波微步第6式[-]<enter><enter>[32af3e]于是忽焉纵体，以遨以嬉。[-],Mijicanye_Lingboweibu,Wupin,0,50,250,11,11,0,10,,2,9999,book,attack_v,4,239,defense_v,4,120,,,,,,,,,,,,,,,,,,,,,,,,,,,,,,,,,,,,,,,,,,,,秘籍升级材料,残页,
3,2,10,7,10,2,凌波微步·页七,秘籍残页,[ffce49]【皓腕采芝】  凌波微步第7式[-]<enter><enter>[32af3e]攘皓腕于神浒兮，采湍濑之玄芝。[-],Mijicanye_Lingboweibu,Wupin,0,50,250,11,11,0,10,,2,9999,book,attack_v,4,239,defense_v,4,120,,,,,,,,,,,,,,,,,,,,,,,,,,,,,,,,,,,,,,,,,,,,秘籍升级材料,残页,
3,2,10,8,10,2,凌波微步·页八,秘籍残页,[ffce49]【飞凫掠影】  凌波微步第8式[-]<enter><enter>[32af3e]体迅飞凫，飘忽若神。凌波微步，罗袜生尘。[-],Mijicanye_Lingboweibu,Wupin,0,100,500,11,11,0,10,,2,9999,book,attack_v,4,311,defense_v,4,155,,,,,,,,,,,,,,,,,,,,,,,,,,,,,,,,,,,,,,,,,,,,秘籍升级材料,残页,
3,2,10,9,10,2,凌波微步·页九,秘籍残页,[ffce49]【往返无常】  凌波微步第9式[-]<enter><enter>[32af3e]动无常则，若危若安；进止难期，若往若还。[-],Mijicanye_Lingboweibu,Wupin,0,150,750,11,11,0,10,,2,9999,book,attack_v,4,406,defense_v,4,203,,,,,,,,,,,,,,,,,,,,,,,,,,,,,,,,,,,,,,,,,,,,秘籍升级材料,残页,
