G,D,P,L,BookId,Category,Name,Type,Desc,Icon,IconAtlas,CanTrade,MinTradePrice,MaxTradePrice,DropMaleId,DropFemaleId,Bind,Sell,UseLevel,Quality,MaxStack,LuaClass,Att1Type,Att1V1,Att1V2,Att2Type,Att2V1,Att2V2,BonusAtt1Num,BonusAtt1Type,BonusAtt1V1,BonusAtt1V2,BonusAtt2Num,BonusAtt2Type,BonusAtt2V1,BonusAtt2V2,BonusAtt3Num,BonusAtt3Type,BonusAtt3V1,BonusAtt3V2,BonusAtt4Num,BonusAtt4Type,BonusAtt4V1,BonusAtt4V2,BonusAtt5Num,BonusAtt5Type,BonusAtt5V1,BonusAtt5V2,BonusAtt6Num,BonusAtt6Type,BonusAtt6V1,BonusAtt6V2,BonusAtt7Num,BonusAtt7Type,BonusAtt7V1,BonusAtt7V2,BonusAtt8Num,BonusAtt8Type,BonusAtt8V1,BonusAtt8V2,SkillAtt1Type,SkillAtt1V1,SkillAtt1V2,CoinType,BasePrice,BuyoutPrice,AddPrice,BasePriceWorld,BuyoutPriceWorld,AddPriceWorld,MaxAuctionCount,MBI_Type,comment,extraField
秘籍残页都填3,秘籍填1；残页填2,同类残页秘籍填一样的数，顺着排,秘籍填1；残页填1-9,同类秘籍标示,攻击1；防御2；攻防3,秘籍或残页名称,道具种类,文字描述,图标,,,交易最低价,交易最高价,男掉落表现,女掉落表现,绑定,卖店价格,使用等级,蓝2紫3橙4,最大叠加数,脚本名,属性类型1,属性数值,,属性类型2,属性数值,,,,,,,,,,,,,,,,,,,,,,,,,,,,,,,,,,,,,,,,,,,,,运营识别类型,注释,描述道具的额外字段
3,1,11,1,11,2,纯阳无极功,秘籍,[7E6641FF]祛邪扶正之功法，道家功法之精华[-],Miji_Chunyangwujigong,Miji,,,,,,1,50000,10,2,1,book,,,,,,,15,lifemax_v_nocur,4,3475,25,allmainvalue_v,4,190,35,dodgeRate_v,4,55,45,defense_v,4,190,,,,,,,,,,,,,,,,,add_passive_buff,703,1,,,,,,,,,秘籍原本,,
3,2,11,1,11,2,纯阳无极功·页一,秘籍残页,[ffce49]【无极真意】  纯阳无极功第1式[-]<enter><enter>[32af3e]内外双修，动静结合，祛邪扶正，阴阳畅通。[-],Mijicanye_Chunyangwujigong,Wupin,0,50,250,11,11,0,10,,2,9999,book,lifemax_v_nocur,4,37540,dodgeRate_v,4,610,,,,,,,,,,,,,,,,,,,,,,,,,,,,,,,,,,,,,,,,,,,,秘籍升级材料,残页,
3,2,11,2,11,2,纯阳无极功·页二,秘籍残页,[ffce49]【力劈华山】  纯阳无极功第2式[-]<enter><enter>[32af3e]侧身沉肩，以千斤之力劈掌，如沉香救母、力劈华山。[-],Mijicanye_Chunyangwujigong,Wupin,0,50,250,11,11,0,10,,2,9999,book,attack_v,4,263,defense_v,4,108,,,,,,,,,,,,,,,,,,,,,,,,,,,,,,,,,,,,,,,,,,,,秘籍升级材料,残页,
3,2,11,3,11,2,纯阳无极功·页三,秘籍残页,[ffce49]【霸王举鼎】  纯阳无极功第3式[-]<enter><enter>[32af3e]势如楚霸王举千斤之鼎，力劲强大。[-],Mijicanye_Chunyangwujigong,Wupin,0,50,250,11,11,0,10,,2,9999,book,attack_v,4,263,defense_v,4,108,,,,,,,,,,,,,,,,,,,,,,,,,,,,,,,,,,,,,,,,,,,,秘籍升级材料,残页,
3,2,11,4,11,2,纯阳无极功·页四,秘籍残页,[ffce49]【苏秦背剑】  纯阳无极功第4式[-]<enter><enter>[32af3e]将武器置于身后，格挡背后袭击。[-],Mijicanye_Chunyangwujigong,Wupin,0,50,250,11,11,0,10,,2,9999,book,attack_v,4,263,defense_v,4,108,,,,,,,,,,,,,,,,,,,,,,,,,,,,,,,,,,,,,,,,,,,,秘籍升级材料,残页,
3,2,11,5,11,2,纯阳无极功·页五,秘籍残页,[ffce49]【二仙传道】  纯阳无极功第5式[-]<enter><enter>[32af3e]如感染天庭上仙之灵气，赫然脱俗，灵气盈躯。[-],Mijicanye_Chunyangwujigong,Wupin,0,50,250,11,11,0,10,,2,9999,book,attack_v,4,263,defense_v,4,108,,,,,,,,,,,,,,,,,,,,,,,,,,,,,,,,,,,,,,,,,,,,秘籍升级材料,残页,
3,2,11,6,11,2,纯阳无极功·页六,秘籍残页,[ffce49]【渔翁摇橹】  纯阳无极功第6式[-]<enter><enter>[32af3e]孤舟渔翁，闲摇船桨，气运自如，返璞归真。[-],Mijicanye_Chunyangwujigong,Wupin,0,50,250,11,11,0,10,,2,9999,book,attack_v,4,263,defense_v,4,108,,,,,,,,,,,,,,,,,,,,,,,,,,,,,,,,,,,,,,,,,,,,秘籍升级材料,残页,
3,2,11,7,11,2,纯阳无极功·页七,秘籍残页,[ffce49]【朝圣敬香】  纯阳无极功第7式[-]<enter><enter>[32af3e]虔然之气转于体内，两袖轻如拂青烟。[-],Mijicanye_Chunyangwujigong,Wupin,0,50,250,11,11,0,10,,2,9999,book,attack_v,4,263,defense_v,4,108,,,,,,,,,,,,,,,,,,,,,,,,,,,,,,,,,,,,,,,,,,,,秘籍升级材料,残页,
3,2,11,8,11,2,纯阳无极功·页八,秘籍残页,[ffce49]【日月转掌】  纯阳无极功第8式[-]<enter><enter>[32af3e]阴阳之气晓畅，真气渐蓄于掌心，圆转不休。[-],Mijicanye_Chunyangwujigong,Wupin,0,100,500,11,11,0,10,,2,9999,book,attack_v,4,342,defense_v,4,140,,,,,,,,,,,,,,,,,,,,,,,,,,,,,,,,,,,,,,,,,,,,秘籍升级材料,残页,
3,2,11,9,11,2,纯阳无极功·页九,秘籍残页,[ffce49]【圆转如意】  纯阳无极功第9式[-]<enter><enter>[32af3e]气走周天，四肢百骸无不通畅，真气流转自如。[-],Mijicanye_Chunyangwujigong,Wupin,0,150,750,11,11,0,10,,2,9999,book,attack_v,4,447,defense_v,4,183,,,,,,,,,,,,,,,,,,,,,,,,,,,,,,,,,,,,,,,,,,,,秘籍升级材料,残页,
