G,D,P,L,BookId,Category,Name,Type,Desc,Icon,IconAtlas,CanTrade,MinTradePrice,MaxTradePrice,DropMaleId,DropFemaleId,Bind,Sell,UseLevel,Quality,MaxStack,LuaClass,Att1Type,Att1V1,Att1V2,Att2Type,Att2V1,Att2V2,BonusAtt1Num,BonusAtt1Type,BonusAtt1V1,BonusAtt1V2,BonusAtt2Num,BonusAtt2Type,BonusAtt2V1,BonusAtt2V2,BonusAtt3Num,BonusAtt3Type,BonusAtt3V1,BonusAtt3V2,BonusAtt4Num,BonusAtt4Type,BonusAtt4V1,BonusAtt4V2,BonusAtt5Num,BonusAtt5Type,BonusAtt5V1,BonusAtt5V2,BonusAtt6Num,BonusAtt6Type,BonusAtt6V1,BonusAtt6V2,BonusAtt7Num,BonusAtt7Type,BonusAtt7V1,BonusAtt7V2,BonusAtt8Num,BonusAtt8Type,BonusAtt8V1,BonusAtt8V2,SkillAtt1Type,SkillAtt1V1,SkillAtt1V2,CoinType,BasePrice,BuyoutPrice,AddPrice,BasePriceWorld,BuyoutPriceWorld,AddPriceWorld,MaxAuctionCount,MBI_Type,comment,extraField
秘籍残页都填3,秘籍填1；残页填2,同类残页秘籍填一样的数，顺着排,秘籍填1；残页填1-9,同类秘籍标示,攻击1；防御2；攻防3,秘籍或残页名称,道具种类,文字描述,图标,,,交易最低价,交易最高价,男掉落表现,女掉落表现,绑定,卖店价格,使用等级,蓝2紫3橙4,最大叠加数,脚本名,属性类型1,属性数值,,属性类型2,属性数值,,,,,,,,,,,,,,,,,,,,,,,,,,,,,,,,,,,,,,,,,,,,,运营识别类型,注释,描述道具的额外字段
3,1,12,1,12,1,吸星大法,秘籍,[7E6641FF]化敌人之力为己用的功法[-],Miji_Xixingdafa,Miji,,,,,,1,50000,10,2,1,book,,,,,,,15,lifemax_v_nocur,4,3475,25,precise_v,4,95,35,overcome_v,4,190,45,proficient_v,4,190,,,,,,,,,,,,,,,,,add_passive_buff,704,1,,,,,,,,,秘籍原本,,
3,2,12,1,12,1,吸星大法·页一,秘籍残页,[ffce49]【驭气吸星】  吸星大法第1式[-]<enter><enter>[32af3e]沉心浸意，取敌手之力为己用。[-],Mijicanye_Xixingdafa,Wupin,0,50,250,11,11,0,10,,2,9999,book,attack_v,4,705,proficient_v,4,2060,,,,,,,,,,,,,,,,,,,,,,,,,,,,,,,,,,,,,,,,,,,,秘籍升级材料,残页,
3,2,12,2,12,1,吸星大法·页二,秘籍残页,[ffce49]【气走周身】  吸星大法第2式[-]<enter><enter>[32af3e]将自身劲力游走于周身。[-],Mijicanye_Xixingdafa,Wupin,0,50,250,11,11,0,10,,2,9999,book,attack_v,4,263,defense_v,4,108,,,,,,,,,,,,,,,,,,,,,,,,,,,,,,,,,,,,,,,,,,,,秘籍升级材料,残页,
3,2,12,3,12,1,吸星大法·页三,秘籍残页,[ffce49]【气离丹田】  吸星大法第3式[-]<enter><enter>[32af3e]使内力远离丹田，以吸取敌人内力。[-],Mijicanye_Xixingdafa,Wupin,0,50,250,11,11,0,10,,2,9999,book,attack_v,4,263,defense_v,4,108,,,,,,,,,,,,,,,,,,,,,,,,,,,,,,,,,,,,,,,,,,,,秘籍升级材料,残页,
3,2,12,4,12,1,吸星大法·页四,秘籍残页,[ffce49]【气循脉隐】  吸星大法第4式[-]<enter><enter>[32af3e]将自身内力沿经脉离散，匿于脉中。[-],Mijicanye_Xixingdafa,Wupin,0,50,250,11,11,0,10,,2,9999,book,attack_v,4,263,defense_v,4,108,,,,,,,,,,,,,,,,,,,,,,,,,,,,,,,,,,,,,,,,,,,,秘籍升级材料,残页,
3,2,12,5,12,1,吸星大法·页五,秘籍残页,[ffce49]【气锁制敌】  吸星大法第5式[-]<enter><enter>[32af3e]以游走于周身之气劲为线，将敌人制住。[-],Mijicanye_Xixingdafa,Wupin,0,50,250,11,11,0,10,,2,9999,book,attack_v,4,263,defense_v,4,108,,,,,,,,,,,,,,,,,,,,,,,,,,,,,,,,,,,,,,,,,,,,秘籍升级材料,残页,
3,2,12,6,12,1,吸星大法·页六,秘籍残页,[ffce49]【引气入体】  吸星大法第6式[-]<enter><enter>[32af3e]将对手的真气引至自身。[-],Mijicanye_Xixingdafa,Wupin,0,50,250,11,11,0,10,,2,9999,book,attack_v,4,263,defense_v,4,108,,,,,,,,,,,,,,,,,,,,,,,,,,,,,,,,,,,,,,,,,,,,秘籍升级材料,残页,
3,2,12,7,12,1,吸星大法·页七,秘籍残页,[ffce49]【锁气如牢】  吸星大法第7式[-]<enter><enter>[32af3e]将引来的真气锁入体内，不可逆回。[-],Mijicanye_Xixingdafa,Wupin,0,50,250,11,11,0,10,,2,9999,book,attack_v,4,263,defense_v,4,108,,,,,,,,,,,,,,,,,,,,,,,,,,,,,,,,,,,,,,,,,,,,秘籍升级材料,残页,
3,2,12,8,12,1,吸星大法·页八,秘籍残页,[ffce49]【沉气于心】  吸星大法第8式[-]<enter><enter>[32af3e]将锁住的内劲沉入自身丹田之中。[-],Mijicanye_Xixingdafa,Wupin,0,100,500,11,11,0,10,,2,9999,book,attack_v,4,342,defense_v,4,140,,,,,,,,,,,,,,,,,,,,,,,,,,,,,,,,,,,,,,,,,,,,秘籍升级材料,残页,
3,2,12,9,12,1,吸星大法·页九,秘籍残页,[ffce49]【融气于身】  吸星大法第9式[-]<enter><enter>[32af3e]将化取的劲力融入自身。[-],Mijicanye_Xixingdafa,Wupin,0,150,750,11,11,0,10,,2,9999,book,attack_v,4,447,defense_v,4,183,,,,,,,,,,,,,,,,,,,,,,,,,,,,,,,,,,,,,,,,,,,,秘籍升级材料,残页,
