G,D,P,L,BookId,Category,Name,Type,Desc,Icon,IconAtlas,CanTrade,MinTradePrice,MaxTradePrice,DropMaleId,DropFemaleId,Bind,Sell,UseLevel,Quality,MaxStack,LuaClass,Att1Type,Att1V1,Att1V2,Att2Type,Att2V1,Att2V2,BonusAtt1Num,BonusAtt1Type,BonusAtt1V1,BonusAtt1V2,BonusAtt2Num,BonusAtt2Type,BonusAtt2V1,BonusAtt2V2,BonusAtt3Num,BonusAtt3Type,BonusAtt3V1,BonusAtt3V2,BonusAtt4Num,BonusAtt4Type,BonusAtt4V1,BonusAtt4V2,BonusAtt5Num,BonusAtt5Type,BonusAtt5V1,BonusAtt5V2,BonusAtt6Num,BonusAtt6Type,BonusAtt6V1,BonusAtt6V2,BonusAtt7Num,BonusAtt7Type,BonusAtt7V1,BonusAtt7V2,BonusAtt8Num,BonusAtt8Type,BonusAtt8V1,BonusAtt8V2,SkillAtt1Type,SkillAtt1V1,SkillAtt1V2,CoinType,BasePrice,BuyoutPrice,AddPrice,BasePriceWorld,BuyoutPriceWorld,AddPriceWorld,MaxAuctionCount,MBI_Type,comment,extraField
秘籍残页都填3,秘籍填1；残页填2,同类残页秘籍填一样的数，顺着排,秘籍填1；残页填1-9,同类秘籍标示,攻击1；防御2；攻防3,秘籍或残页名称,道具种类,文字描述,图标,,,交易最低价,交易最高价,男掉落表现,女掉落表现,绑定,卖店价格,使用等级,蓝2紫3橙4,最大叠加数,脚本名,属性类型1,属性数值,,属性类型2,属性数值,,,,,,,,,,,,,,,,,,,,,,,,,,,,,,,,,,,,,,,,,,,,,运营识别类型,注释,描述道具的额外字段
3,1,13,1,13,1,天罗地网,秘籍,[7E6641FF]封锁敌人行动，使其无处可逃的功法[-],Miji_Tianluodiwang,Miji,,,,,,1,50000,10,2,1,book,,,,,,,15,lifemax_v_nocur,4,3475,25,precise_v,4,95,35,overcome_v,4,190,45,proficient_v,4,190,,,,,,,,,,,,,,,,,add_passive_buff,702,1,,,,,,,,,秘籍原本,,
3,2,13,1,13,1,天罗地网·页一,秘籍残页,[ffce49]【起手之势】  天罗地网第1式[-]<enter><enter>[32af3e]七窍通、身意合，布地网天罗。[-],Mijicanye_Tianluodiwang,Wupin,0,100000,500000,11,11,0,80,,2,9999,book,attack_v,4,705,criticalRate_v,4,2375,,,,,,,,,,,,,,,,,,,,,,,,,,,,,,,,,,,,,,,,,,,,秘籍升级材料,残页,
3,2,13,2,13,1,天罗地网·页二,秘籍残页,[ffce49]【眼观六路】  天罗地网第2式[-]<enter><enter>[32af3e]以目力为依凭，知对手之进退攻守。[-],Mijicanye_Tianluodiwang,Wupin,0,100000,500000,11,11,0,80,,2,9999,book,attack_v,4,225,,,,,,,,,,,,,,,,,,,,,,,,,,,,,,,,,,,,,,,,,,,,,,,秘籍升级材料,残页,
3,2,13,3,13,1,天罗地网·页三,秘籍残页,[ffce49]【耳听八方】  天罗地网第3式[-]<enter><enter>[32af3e]八方异动悉收耳中，对手无处遁形。[-],Mijicanye_Tianluodiwang,Wupin,0,100000,500000,11,11,0,80,,2,9999,book,attack_v,4,225,,,,,,,,,,,,,,,,,,,,,,,,,,,,,,,,,,,,,,,,,,,,,,,秘籍升级材料,残页,
3,2,13,4,13,1,天罗地网·页四,秘籍残页,[ffce49]【体轻如燕】  天罗地网第4式[-]<enter><enter>[32af3e]身法奇巧，轻如云燕。[-],Mijicanye_Tianluodiwang,Wupin,0,100000,500000,11,11,0,80,,2,9999,book,attack_v,4,225,,,,,,,,,,,,,,,,,,,,,,,,,,,,,,,,,,,,,,,,,,,,,,,秘籍升级材料,残页,
3,2,13,5,13,1,天罗地网·页五,秘籍残页,[ffce49]【身随意动】  天罗地网第5式[-]<enter><enter>[32af3e]知其欲动，循意而为。[-],Mijicanye_Tianluodiwang,Wupin,0,100000,500000,11,11,0,80,,2,9999,book,attack_v,4,225,,,,,,,,,,,,,,,,,,,,,,,,,,,,,,,,,,,,,,,,,,,,,,,秘籍升级材料,残页,
3,2,13,6,13,1,天罗地网·页六,秘籍残页,[ffce49]【锁域成环】  天罗地网第6式[-]<enter><enter>[32af3e]以自身行动封锁一方区域，如封似闭。[-],Mijicanye_Tianluodiwang,Wupin,0,100000,500000,11,11,0,80,,2,9999,book,attack_v,4,225,,,,,,,,,,,,,,,,,,,,,,,,,,,,,,,,,,,,,,,,,,,,,,,秘籍升级材料,残页,
3,2,13,7,13,1,天罗地网·页七,秘籍残页,[ffce49]【井中天地】  天罗地网第7式[-]<enter><enter>[32af3e]困住对手，使其如在井中，只可观一方天地。[-],Mijicanye_Tianluodiwang,Wupin,0,100000,500000,11,11,0,80,,2,9999,book,attack_v,4,270,,,,,,,,,,,,,,,,,,,,,,,,,,,,,,,,,,,,,,,,,,,,,,,秘籍升级材料,残页,
3,2,13,8,13,1,天罗地网·页八,秘籍残页,[ffce49]【奇阱星布】  天罗地网第8式[-]<enter><enter>[32af3e]布下星罗之陷阱，引君入瓮。[-],Mijicanye_Tianluodiwang,Wupin,0,100000,500000,11,11,0,80,,2,9999,book,attack_v,4,293,,,,,,,,,,,,,,,,,,,,,,,,,,,,,,,,,,,,,,,,,,,,,,,秘籍升级材料,残页,
3,2,13,9,13,1,天罗地网·页九,秘籍残页,[ffce49]【不绝天罗】  天罗地网第9式[-]<enter><enter>[32af3e]天罗地网，入者无可逃遁，生死难定。[-],Mijicanye_Tianluodiwang,Wupin,0,100000,500000,11,11,0,80,,2,9999,book,attack_v,4,338,,,,,,,,,,,,,,,,,,,,,,,,,,,,,,,,,,,,,,,,,,,,,,,秘籍升级材料,残页,
