G,D,P,L,BookId,Category,Name,Type,Desc,Icon,IconAtlas,CanTrade,MinTradePrice,MaxTradePrice,DropMaleId,DropFemaleId,Bind,Sell,UseLevel,Quality,MaxStack,LuaClass,Att1Type,Att1V1,Att1V2,Att2Type,Att2V1,Att2V2,BonusAtt1Num,BonusAtt1Type,BonusAtt1V1,BonusAtt1V2,BonusAtt2Num,BonusAtt2Type,BonusAtt2V1,BonusAtt2V2,BonusAtt3Num,BonusAtt3Type,BonusAtt3V1,BonusAtt3V2,BonusAtt4Num,BonusAtt4Type,BonusAtt4V1,BonusAtt4V2,BonusAtt5Num,BonusAtt5Type,BonusAtt5V1,BonusAtt5V2,BonusAtt6Num,BonusAtt6Type,BonusAtt6V1,BonusAtt6V2,BonusAtt7Num,BonusAtt7Type,BonusAtt7V1,BonusAtt7V2,BonusAtt8Num,BonusAtt8Type,BonusAtt8V1,BonusAtt8V2,SkillAtt1Type,SkillAtt1V1,SkillAtt1V2,CoinType,BasePrice,BuyoutPrice,AddPrice,BasePriceWorld,BuyoutPriceWorld,AddPriceWorld,MaxAuctionCount,MBI_Type,comment,extraField
秘籍残页都填3,秘籍填1；残页填2,同类残页秘籍填一样的数，顺着排,秘籍填1；残页填1-9,同类秘籍标示,攻击1；防御2；攻防3,秘籍或残页名称,道具种类,文字描述,图标,,,交易最低价,交易最高价,男掉落表现,女掉落表现,绑定,卖店价格,使用等级,蓝2紫3橙4,最大叠加数,脚本名,属性类型1,属性数值,,属性类型2,属性数值,,,,,,,,,,,,,,,,,,,,,,,,,,,,,,,,,,,,,,,,,,,,,运营识别类型,注释,描述道具的额外字段
3,1,14,1,14,2,紫霞神功,秘籍,[7E6641FF]以绵若云霞、持续不绝之内劲破敌之法[-],Miji_Zixiashengong,Miji,,,,,,1,50000,10,2,1,book,,,,,,,15,lifemax_v_nocur,4,3475,25,allmainvalue_v,4,190,35,dodgeRate_v,4,55,45,defense_v,4,190,,,,,,,,,,,,,,,,,add_passive_buff,701,1,,,,,,,,,秘籍原本,,
3,2,14,1,14,2,紫霞神功·页一,秘籍残页,[ffce49]【霞意】  紫霞神功第1式[-]<enter><enter>[32af3e]修习此法，需以绵长之内劲破敌，如云雾缭绕，不绝如缕。[-],Mijicanye_Zixiashengong,Wupin,0,100000,500000,11,11,0,80,,2,9999,book,lifemax_v_nocur,4,37540,defense_v,4,2055,,,,,,,,,,,,,,,,,,,,,,,,,,,,,,,,,,,,,,,,,,,,秘籍升级材料,残页,
3,2,14,2,14,2,紫霞神功·页二,秘籍残页,[ffce49]【初霞】  紫霞神功第2式[-]<enter><enter>[32af3e]云气初生，轻霞渐起。[-],Mijicanye_Zixiashengong,Wupin,0,100000,500000,11,11,0,80,,2,9999,book,attack_v,4,113,defense_v,4,56,,,,,,,,,,,,,,,,,,,,,,,,,,,,,,,,,,,,,,,,,,,,秘籍升级材料,残页,
3,2,14,3,14,2,紫霞神功·页三,秘籍残页,[ffce49]【烟霞】  紫霞神功第3式[-]<enter><enter>[32af3e]轻烟缭绕，霞气渐浓。[-],Mijicanye_Zixiashengong,Wupin,0,100000,500000,11,11,0,80,,2,9999,book,attack_v,4,113,defense_v,4,56,,,,,,,,,,,,,,,,,,,,,,,,,,,,,,,,,,,,,,,,,,,,秘籍升级材料,残页,
3,2,14,4,14,2,紫霞神功·页四,秘籍残页,[ffce49]【云霞】  紫霞神功第4式[-]<enter><enter>[32af3e]云烟顿生，霞气如实。[-],Mijicanye_Zixiashengong,Wupin,0,100000,500000,11,11,0,80,,2,9999,book,attack_v,4,113,defense_v,4,56,,,,,,,,,,,,,,,,,,,,,,,,,,,,,,,,,,,,,,,,,,,,秘籍升级材料,残页,
3,2,14,5,14,2,紫霞神功·页五,秘籍残页,[ffce49]【落霞】  紫霞神功第5式[-]<enter><enter>[32af3e]落霞孤鹜，秋水长天。[-],Mijicanye_Zixiashengong,Wupin,0,100000,500000,11,11,0,80,,2,9999,book,attack_v,4,113,defense_v,4,56,,,,,,,,,,,,,,,,,,,,,,,,,,,,,,,,,,,,,,,,,,,,秘籍升级材料,残页,
3,2,14,6,14,2,紫霞神功·页六,秘籍残页,[ffce49]【赤霞】  紫霞神功第6式[-]<enter><enter>[32af3e]赤霞如血，炽热似火。[-],Mijicanye_Zixiashengong,Wupin,0,100000,500000,11,11,0,80,,2,9999,book,attack_v,4,113,defense_v,4,56,,,,,,,,,,,,,,,,,,,,,,,,,,,,,,,,,,,,,,,,,,,,秘籍升级材料,残页,
3,2,14,7,14,2,紫霞神功·页七,秘籍残页,[ffce49]【金霞】  紫霞神功第7式[-]<enter><enter>[32af3e]金霞灿然，闪烁炫目。[-],Mijicanye_Zixiashengong,Wupin,0,100000,500000,11,11,0,80,,2,9999,book,attack_v,4,135,defense_v,4,68,,,,,,,,,,,,,,,,,,,,,,,,,,,,,,,,,,,,,,,,,,,,秘籍升级材料,残页,
3,2,14,8,14,2,紫霞神功·页八,秘籍残页,[ffce49]【青霞】  紫霞神功第8式[-]<enter><enter>[32af3e]青霞诡色，幽蓝如魅。[-],Mijicanye_Zixiashengong,Wupin,0,100000,500000,11,11,0,80,,2,9999,book,attack_v,4,146,defense_v,4,73,,,,,,,,,,,,,,,,,,,,,,,,,,,,,,,,,,,,,,,,,,,,秘籍升级材料,残页,
3,2,14,9,14,2,紫霞神功·页九,秘籍残页,[ffce49]【紫霞】  紫霞神功第9式[-]<enter><enter>[32af3e]紫气阴柔，终劲如斯。[-],Mijicanye_Zixiashengong,Wupin,0,100000,500000,11,11,0,80,,2,9999,book,attack_v,4,169,defense_v,4,84,,,,,,,,,,,,,,,,,,,,,,,,,,,,,,,,,,,,,,,,,,,,秘籍升级材料,残页,
