G,D,P,L,BookId,Category,Name,Type,Desc,Icon,IconAtlas,CanTrade,MinTradePrice,MaxTradePrice,DropMaleId,DropFemaleId,Bind,Sell,UseLevel,Quality,MaxStack,LuaClass,Att1Type,Att1V1,Att1V2,Att2Type,Att2V1,Att2V2,BonusAtt1Num,BonusAtt1Type,BonusAtt1V1,BonusAtt1V2,BonusAtt2Num,BonusAtt2Type,BonusAtt2V1,BonusAtt2V2,BonusAtt3Num,BonusAtt3Type,BonusAtt3V1,BonusAtt3V2,BonusAtt4Num,BonusAtt4Type,BonusAtt4V1,BonusAtt4V2,BonusAtt5Num,BonusAtt5Type,BonusAtt5V1,BonusAtt5V2,BonusAtt6Num,BonusAtt6Type,BonusAtt6V1,BonusAtt6V2,BonusAtt7Num,BonusAtt7Type,BonusAtt7V1,BonusAtt7V2,BonusAtt8Num,BonusAtt8Type,BonusAtt8V1,BonusAtt8V2,SkillAtt1Type,SkillAtt1V1,SkillAtt1V2,CoinType,BasePrice,BuyoutPrice,AddPrice,BasePriceWorld,BuyoutPriceWorld,AddPriceWorld,MaxAuctionCount,MBI_Type,comment,extraField
秘籍残页都填3,秘籍填1；残页填2,同类残页秘籍填一样的数，顺着排,秘籍填1；残页填1-9,同类秘籍标示,攻击1；防御2；攻防3,秘籍或残页名称,道具种类,文字描述,图标,,,交易最低价,交易最高价,男掉落表现,女掉落表现,绑定,卖店价格,使用等级,蓝2紫3橙4,最大叠加数,脚本名,属性类型1,属性数值,,属性类型2,属性数值,,,,,,,,,,,,,,,,,,,,,,,,,,,,,,,,,,,,,,,,,,,,,运营识别类型,注释,描述道具的额外字段
3,1,15,1,15,1,小无相功,秘籍,[7E6641FF]无形无相，使敌人难寻套路之心法[-],Miji_Xiaowuxianggong,Miji,,,,,,1,50000,10,2,1,book,,,,,,,15,lifemax_v_nocur,4,3475,25,precise_v,4,95,35,overcome_v,4,190,45,proficient_v,4,190,,,,,,,,,,,,,,,,,add_passive_buff,710,1,,,,,,,,,秘籍原本,,
3,2,15,1,15,1,小无相功·页一,秘籍残页,[ffce49]【无始】  小无相功第1式[-]<enter><enter>[32af3e]不着一象，无迹可寻，忘情归真。[-],Mijicanye_Xiaowuxianggong,Wupin,0,100000,500000,11,11,0,80,,2,9999,book,attack_v,4,705,reduce_cd_percent,4,795,,,,,,,,,,,,,,,,,,,,,,,,,,,,,,,,,,,,,,,,,,,,秘籍升级材料,残页,
3,2,15,2,15,1,小无相功·页二,秘籍残页,[ffce49]【无形】  小无相功第2式[-]<enter><enter>[32af3e]忘却世间形，徒留心中意。[-],Mijicanye_Xiaowuxianggong,Wupin,0,100000,500000,11,11,0,80,,2,9999,book,defense_v,4,113,,,,,,,,,,,,,,,,,,,,,,,,,,,,,,,,,,,,,,,,,,,,,,,秘籍升级材料,残页,
3,2,15,3,15,1,小无相功·页三,秘籍残页,[ffce49]【无意】  小无相功第3式[-]<enter><enter>[32af3e]无身无意，意随心动。[-],Mijicanye_Xiaowuxianggong,Wupin,0,100000,500000,11,11,0,80,,2,9999,book,defense_v,4,113,,,,,,,,,,,,,,,,,,,,,,,,,,,,,,,,,,,,,,,,,,,,,,,秘籍升级材料,残页,
3,2,15,4,15,1,小无相功·页四,秘籍残页,[ffce49]【无相】  小无相功第4式[-]<enter><enter>[32af3e]诸般尘相皆归沉寂，无可依之相。[-],Mijicanye_Xiaowuxianggong,Wupin,0,100000,500000,11,11,0,80,,2,9999,book,defense_v,4,113,,,,,,,,,,,,,,,,,,,,,,,,,,,,,,,,,,,,,,,,,,,,,,,秘籍升级材料,残页,
3,2,15,5,15,1,小无相功·页五,秘籍残页,[ffce49]【无迹】  小无相功第5式[-]<enter><enter>[32af3e]行迹无处可寻，亦无行迹可留。[-],Mijicanye_Xiaowuxianggong,Wupin,0,100000,500000,11,11,0,80,,2,9999,book,defense_v,4,113,,,,,,,,,,,,,,,,,,,,,,,,,,,,,,,,,,,,,,,,,,,,,,,秘籍升级材料,残页,
3,2,15,6,15,1,小无相功·页六,秘籍残页,[ffce49]【无假】  小无相功第6式[-]<enter><enter>[32af3e]破除虚妄，万事皆本真。[-],Mijicanye_Xiaowuxianggong,Wupin,0,100000,500000,11,11,0,80,,2,9999,book,defense_v,4,113,,,,,,,,,,,,,,,,,,,,,,,,,,,,,,,,,,,,,,,,,,,,,,,秘籍升级材料,残页,
3,2,15,7,15,1,小无相功·页七,秘籍残页,[ffce49]【无真】  小无相功第7式[-]<enter><enter>[32af3e]假亦真，真亦假，无真无假。[-],Mijicanye_Xiaowuxianggong,Wupin,0,100000,500000,11,11,0,80,,2,9999,book,defense_v,4,135,,,,,,,,,,,,,,,,,,,,,,,,,,,,,,,,,,,,,,,,,,,,,,,秘籍升级材料,残页,
3,2,15,8,15,1,小无相功·页八,秘籍残页,[ffce49]【无心】  小无相功第8式[-]<enter><enter>[32af3e]无心无贪恋，以原力催发万事。[-],Mijicanye_Xiaowuxianggong,Wupin,0,100000,500000,11,11,0,80,,2,9999,book,defense_v,4,146,,,,,,,,,,,,,,,,,,,,,,,,,,,,,,,,,,,,,,,,,,,,,,,秘籍升级材料,残页,
3,2,15,9,15,1,小无相功·页九,秘籍残页,[ffce49]【无念】  小无相功第9式[-]<enter><enter>[32af3e]控制心念，自在进入无形无相之境。[-],Mijicanye_Xiaowuxianggong,Wupin,0,100000,500000,11,11,0,80,,2,9999,book,defense_v,4,169,,,,,,,,,,,,,,,,,,,,,,,,,,,,,,,,,,,,,,,,,,,,,,,秘籍升级材料,残页,
