G,D,P,L,BookId,Category,Name,Type,Desc,Icon,IconAtlas,CanTrade,MinTradePrice,MaxTradePrice,DropMaleId,DropFemaleId,Bind,Sell,UseLevel,Quality,MaxStack,LuaClass,Att1Type,Att1V1,Att1V2,Att2Type,Att2V1,Att2V2,BonusAtt1Num,BonusAtt1Type,BonusAtt1V1,BonusAtt1V2,BonusAtt2Num,BonusAtt2Type,BonusAtt2V1,BonusAtt2V2,BonusAtt3Num,BonusAtt3Type,BonusAtt3V1,BonusAtt3V2,BonusAtt4Num,BonusAtt4Type,BonusAtt4V1,BonusAtt4V2,BonusAtt5Num,BonusAtt5Type,BonusAtt5V1,BonusAtt5V2,BonusAtt6Num,BonusAtt6Type,BonusAtt6V1,BonusAtt6V2,BonusAtt7Num,BonusAtt7Type,BonusAtt7V1,BonusAtt7V2,BonusAtt8Num,BonusAtt8Type,BonusAtt8V1,BonusAtt8V2,SkillAtt1Type,SkillAtt1V1,SkillAtt1V2,CoinType,BasePrice,BuyoutPrice,AddPrice,BasePriceWorld,BuyoutPriceWorld,AddPriceWorld,MaxAuctionCount,MBI_Type,comment,extraField
秘籍残页都填3,秘籍填1；残页填2,同类残页秘籍填一样的数，顺着排,秘籍填1；残页填1-9,同类秘籍标示,攻击1；防御2；攻防3,秘籍或残页名称,道具种类,文字描述,图标,,,交易最低价,交易最高价,男掉落表现,女掉落表现,绑定,卖店价格,使用等级,蓝2紫3橙4,最大叠加数,脚本名,属性类型1,属性数值,,属性类型2,属性数值,,,,,,,,,,,,,,,,,,,,,,,,,,,,,,,,,,,,,,,,,,,,,运营识别类型,注释,描述道具的额外字段
3,1,16,1,16,2,北冥神功,秘籍,[7E6641FF]逍遥自如，化取万物为己用的功法[-],Miji_Beimingshengong,Miji,,,,,,1,50000,10,2,1,book,,,,,,,15,lifemax_v_nocur,4,3475,25,allmainvalue_v,4,190,35,dodgeRate_v,4,55,45,defense_v,4,190,,,,,,,,,,,,,,,,,add_passive_buff,709,1,,,,,,,,,秘籍原本,,
3,2,16,1,16,2,北冥神功·页一,秘籍残页,[ffce49]【逍遥之道】  北冥神功第1式[-]<enter><enter>[32af3e]汲取道家逍遥之意，取万物为己用。[-],Mijicanye_Beimingshengong,Wupin,0,100000,500000,11,11,0,80,,2,9999,book,lifemax_v_nocur,4,37540,allmainvalue_v,4,2055,,,,,,,,,,,,,,,,,,,,,,,,,,,,,,,,,,,,,,,,,,,,秘籍升级材料,残页,
3,2,16,2,16,2,北冥神功·页二,秘籍残页,[ffce49]【北冥有鱼】  北冥神功第2式[-]<enter><enter>[32af3e]北冥有鱼，其名为鲲。[-],Mijicanye_Beimingshengong,Wupin,0,100000,500000,11,11,0,80,,2,9999,book,attack_v,4,225,,,,,,,,,,,,,,,,,,,,,,,,,,,,,,,,,,,,,,,,,,,,,,,秘籍升级材料,残页,
3,2,16,3,16,2,北冥神功·页三,秘籍残页,[ffce49]【翼若天云】  北冥神功第3式[-]<enter><enter>[32af3e]化而为鸟，其名为鹏。怒而飞，其翼若垂天之云。[-],Mijicanye_Beimingshengong,Wupin,0,100000,500000,11,11,0,80,,2,9999,book,attack_v,4,225,,,,,,,,,,,,,,,,,,,,,,,,,,,,,,,,,,,,,,,,,,,,,,,秘籍升级材料,残页,
3,2,16,4,16,2,北冥神功·页四,秘籍残页,[ffce49]【水击千里】  北冥神功第4式[-]<enter><enter>[32af3e]鹏之徙于南冥也，水击三千里。[-],Mijicanye_Beimingshengong,Wupin,0,100000,500000,11,11,0,80,,2,9999,book,attack_v,4,225,,,,,,,,,,,,,,,,,,,,,,,,,,,,,,,,,,,,,,,,,,,,,,,秘籍升级材料,残页,
3,2,16,5,16,2,北冥神功·页五,秘籍残页,[ffce49]【扶摇而上】  北冥神功第5式[-]<enter><enter>[32af3e]抟扶摇羊角而上者九万里，绝云气，负青天。[-],Mijicanye_Beimingshengong,Wupin,0,100000,500000,11,11,0,80,,2,9999,book,attack_v,4,225,,,,,,,,,,,,,,,,,,,,,,,,,,,,,,,,,,,,,,,,,,,,,,,秘籍升级材料,残页,
3,2,16,6,16,2,北冥神功·页六,秘籍残页,[ffce49]【背负青天】  北冥神功第6式[-]<enter><enter>[32af3e]背负青天，而莫之夭阏者，而后乃今将图南。[-],Mijicanye_Beimingshengong,Wupin,0,100000,500000,11,11,0,80,,2,9999,book,attack_v,4,225,,,,,,,,,,,,,,,,,,,,,,,,,,,,,,,,,,,,,,,,,,,,,,,秘籍升级材料,残页,
3,2,16,7,16,2,北冥神功·页七,秘籍残页,[ffce49]【楚之冥灵】  北冥神功第7式[-]<enter><enter>[32af3e]楚之南有冥灵者，以五百岁为春，五百岁为秋。[-],Mijicanye_Beimingshengong,Wupin,0,100000,500000,11,11,0,80,,2,9999,book,attack_v,4,270,,,,,,,,,,,,,,,,,,,,,,,,,,,,,,,,,,,,,,,,,,,,,,,秘籍升级材料,残页,
3,2,16,8,16,2,北冥神功·页八,秘籍残页,[ffce49]【御风而行】  北冥神功第8式[-]<enter><enter>[32af3e]夫列子御风而行，泠然善也。[-],Mijicanye_Beimingshengong,Wupin,0,100000,500000,11,11,0,80,,2,9999,book,attack_v,4,293,,,,,,,,,,,,,,,,,,,,,,,,,,,,,,,,,,,,,,,,,,,,,,,秘籍升级材料,残页,
3,2,16,9,16,2,北冥神功·页九,秘籍残页,[ffce49]【自在无穷】  北冥神功第9式[-]<enter><enter>[32af3e]若夫乘天地之正，而御六气之辩，以游无穷者，彼且恶乎待哉？[-],Mijicanye_Beimingshengong,Wupin,0,100000,500000,11,11,0,80,,2,9999,book,attack_v,4,338,,,,,,,,,,,,,,,,,,,,,,,,,,,,,,,,,,,,,,,,,,,,,,,秘籍升级材料,残页,
