G,D,P,L,BookId,Category,Name,Type,Desc,Icon,IconAtlas,CanTrade,MinTradePrice,MaxTradePrice,DropMaleId,DropFemaleId,Bind,Sell,UseLevel,Quality,MaxStack,LuaClass,Att1Type,Att1V1,Att1V2,Att2Type,Att2V1,Att2V2,BonusAtt1Num,BonusAtt1Type,BonusAtt1V1,BonusAtt1V2,BonusAtt2Num,BonusAtt2Type,BonusAtt2V1,BonusAtt2V2,BonusAtt3Num,BonusAtt3Type,BonusAtt3V1,BonusAtt3V2,BonusAtt4Num,BonusAtt4Type,BonusAtt4V1,BonusAtt4V2,BonusAtt5Num,BonusAtt5Type,BonusAtt5V1,BonusAtt5V2,BonusAtt6Num,BonusAtt6Type,BonusAtt6V1,BonusAtt6V2,BonusAtt7Num,BonusAtt7Type,BonusAtt7V1,BonusAtt7V2,BonusAtt8Num,BonusAtt8Type,BonusAtt8V1,BonusAtt8V2,SkillAtt1Type,SkillAtt1V1,SkillAtt1V2,CoinType,BasePrice,BuyoutPrice,AddPrice,BasePriceWorld,BuyoutPriceWorld,AddPriceWorld,MaxAuctionCount,MBI_Type,comment,extraField
秘籍残页都填3,秘籍填1；残页填2,同类残页秘籍填一样的数，顺着排,秘籍填1；残页填1-9,同类秘籍标示,攻击1；防御2；攻防3,秘籍或残页名称,道具种类,文字描述,图标,,,交易最低价,交易最高价,男掉落表现,女掉落表现,绑定,卖店价格,使用等级,蓝2紫3橙4,最大叠加数,脚本名,属性类型1,属性数值,,属性类型2,属性数值,,,,,,,,,,,,,,,,,,,,,,,,,,,,,,,,,,,,,,,,,,,,,运营识别类型,注释,描述道具的额外字段
3,1,17,1,17,2,太极拳谱,秘籍,[7E6641FF]含蓄内敛，以柔克刚之拳法[-],Miji_Taijiquanpu,Miji,,,,,,1,50000,10,2,1,book,,,,,,,15,lifemax_v_nocur,4,3475,25,allmainvalue_v,4,190,35,dodgeRate_v,4,55,45,defense_v,4,190,,,,,,,,,,,,,,,,,add_passive_buff,708,1,,,,,,,,,秘籍原本,,
3,2,17,1,17,2,太极拳谱·页一,秘籍残页,[ffce49]【太极起势】  太极拳谱第1式[-]<enter><enter>[32af3e]静中触动动尤静，因敌变化示神奇。[-],Mijicanye_Taijiquanpu,Wupin,0,100000,500000,11,11,0,80,,2,9999,book,lifemax_v_nocur,4,37540,reflection_v,4,845,,,,,,,,,,,,,,,,,,,,,,,,,,,,,,,,,,,,,,,,,,,,秘籍升级材料,残页,
3,2,17,2,17,2,太极拳谱·页二,秘籍残页,[ffce49]【右揽雀尾】  太极拳谱第2式[-]<enter><enter>[32af3e]身体后坐，右手内揽，如轻揽云雀。[-],Mijicanye_Taijiquanpu,Wupin,0,100000,500000,11,11,0,80,,2,9999,book,defense_v,4,113,,,,,,,,,,,,,,,,,,,,,,,,,,,,,,,,,,,,,,,,,,,,,,,秘籍升级材料,残页,
3,2,17,3,17,2,太极拳谱·页三,秘籍残页,[ffce49]【白鹤亮翅】  太极拳谱第3式[-]<enter><enter>[32af3e]轻盈翩然，如白鹤舒展羽翼。[-],Mijicanye_Taijiquanpu,Wupin,0,100000,500000,11,11,0,80,,2,9999,book,defense_v,4,113,,,,,,,,,,,,,,,,,,,,,,,,,,,,,,,,,,,,,,,,,,,,,,,秘籍升级材料,残页,
3,2,17,4,17,2,太极拳谱·页四,秘籍残页,[ffce49]【搂膝拗步】  太极拳谱第4式[-]<enter><enter>[32af3e]动静相生，气归丹田。[-],Mijicanye_Taijiquanpu,Wupin,0,100000,500000,11,11,0,80,,2,9999,book,defense_v,4,113,,,,,,,,,,,,,,,,,,,,,,,,,,,,,,,,,,,,,,,,,,,,,,,秘籍升级材料,残页,
3,2,17,5,17,2,太极拳谱·页五,秘籍残页,[ffce49]【野马分鬃】  太极拳谱第5式[-]<enter><enter>[32af3e]取乾健之意，至刚至烈。[-],Mijicanye_Taijiquanpu,Wupin,0,100000,500000,11,11,0,80,,2,9999,book,defense_v,4,113,,,,,,,,,,,,,,,,,,,,,,,,,,,,,,,,,,,,,,,,,,,,,,,秘籍升级材料,残页,
3,2,17,6,17,2,太极拳谱·页六,秘籍残页,[ffce49]【左右云手】  太极拳谱第6式[-]<enter><enter>[32af3e]运双手来回旋转，如旋绕之云纹。[-],Mijicanye_Taijiquanpu,Wupin,0,100000,500000,11,11,0,80,,2,9999,book,defense_v,4,113,,,,,,,,,,,,,,,,,,,,,,,,,,,,,,,,,,,,,,,,,,,,,,,秘籍升级材料,残页,
3,2,17,7,17,2,太极拳谱·页七,秘籍残页,[ffce49]【金鸡独立】  太极拳谱第7式[-]<enter><enter>[32af3e]如金鸡宛然独立，右膝暗悬难防。[-],Mijicanye_Taijiquanpu,Wupin,0,100000,500000,11,11,0,80,,2,9999,book,defense_v,4,135,,,,,,,,,,,,,,,,,,,,,,,,,,,,,,,,,,,,,,,,,,,,,,,秘籍升级材料,残页,
3,2,17,8,17,2,太极拳谱·页八,秘籍残页,[ffce49]【上步七星】  太极拳谱第8式[-]<enter><enter>[32af3e]上步捣七星锤，心平气和，得太极原象。[-],Mijicanye_Taijiquanpu,Wupin,0,100000,500000,11,11,0,80,,2,9999,book,defense_v,4,146,,,,,,,,,,,,,,,,,,,,,,,,,,,,,,,,,,,,,,,,,,,,,,,秘籍升级材料,残页,
3,2,17,9,17,2,太极拳谱·页九,秘籍残页,[ffce49]【下步跨虎】  太极拳谱第9式[-]<enter><enter>[32af3e]跨步如跨虎而过，虚实相映、丹田精实。[-],Mijicanye_Taijiquanpu,Wupin,0,100000,500000,11,11,0,80,,2,9999,book,defense_v,4,169,,,,,,,,,,,,,,,,,,,,,,,,,,,,,,,,,,,,,,,,,,,,,,,秘籍升级材料,残页,
