G,D,P,L,BookId,Category,Name,Type,Desc,Icon,IconAtlas,CanTrade,MinTradePrice,MaxTradePrice,DropMaleId,DropFemaleId,Bind,Sell,UseLevel,Quality,MaxStack,LuaClass,Att1Type,Att1V1,Att1V2,Att2Type,Att2V1,Att2V2,BonusAtt1Num,BonusAtt1Type,BonusAtt1V1,BonusAtt1V2,BonusAtt2Num,BonusAtt2Type,BonusAtt2V1,BonusAtt2V2,BonusAtt3Num,BonusAtt3Type,BonusAtt3V1,BonusAtt3V2,BonusAtt4Num,BonusAtt4Type,BonusAtt4V1,BonusAtt4V2,BonusAtt5Num,BonusAtt5Type,BonusAtt5V1,BonusAtt5V2,BonusAtt6Num,BonusAtt6Type,BonusAtt6V1,BonusAtt6V2,BonusAtt7Num,BonusAtt7Type,BonusAtt7V1,BonusAtt7V2,BonusAtt8Num,BonusAtt8Type,BonusAtt8V1,BonusAtt8V2,SkillAtt1Type,SkillAtt1V1,SkillAtt1V2,CoinType,BasePrice,BuyoutPrice,AddPrice,BasePriceWorld,BuyoutPriceWorld,AddPriceWorld,MaxAuctionCount,MBI_Type,comment,extraField
秘籍残页都填3,秘籍填1；残页填2,同类残页秘籍填一样的数，顺着排,秘籍填1；残页填1-9,同类秘籍标示,攻击1；防御2；攻防3,秘籍或残页名称,道具种类,文字描述,图标,,,交易最低价,交易最高价,男掉落表现,女掉落表现,绑定,卖店价格,使用等级,蓝2紫3橙4,最大叠加数,脚本名,属性类型1,属性数值,,属性类型2,属性数值,,,,,,,,,,,,,,,,,,,,,,,,,,,,,,,,,,,,,,,,,,,,,运营识别类型,注释,描述道具的额外字段
3,1,18,1,18,1,龙象般若功,秘籍,[7E6641FF]至刚至硬之心法，练成后有龙象之力[-],Miji_Longxiangbanruogong,Miji,,,,,,1,50000,10,2,1,book,,,,,,,15,lifemax_v_nocur,4,3475,25,precise_v,4,95,35,overcome_v,4,190,45,proficient_v,4,190,,,,,,,,,,,,,,,,,add_passive_buff,707,1,,,,,,,,,秘籍原本,,
3,2,18,1,18,1,龙象般若功·页一,秘籍残页,[ffce49]【龙象真诀】  龙象般若功第1式[-]<enter><enter>[32af3e]循序渐进，欲速不达；心定神宁，莫生心魔。[-],Mijicanye_Longxiangbanruogong,Wupin,0,100000,500000,11,11,0,80,,2,9999,book,attack_v,4,705,overcome_v,4,2060,,,,,,,,,,,,,,,,,,,,,,,,,,,,,,,,,,,,,,,,,,,,秘籍升级材料,残页,
3,2,18,2,18,1,龙象般若功·页二,秘籍残页,[ffce49]【独龙搏象】  龙象般若功第2式[-]<enter><enter>[32af3e]独龙搏象于野，练成后力如龙象。[-],Mijicanye_Longxiangbanruogong,Wupin,0,100000,500000,11,11,0,80,,2,9999,book,attack_v,4,113,defense_v,4,56,,,,,,,,,,,,,,,,,,,,,,,,,,,,,,,,,,,,,,,,,,,,秘籍升级材料,残页,
3,2,18,3,18,1,龙象般若功·页三,秘籍残页,[ffce49]【双龙合象】  龙象般若功第3式[-]<enter><enter>[32af3e]双龙争双象，山岳泵花，练成后力如双龙双象。[-],Mijicanye_Longxiangbanruogong,Wupin,0,100000,500000,11,11,0,80,,2,9999,book,attack_v,4,113,defense_v,4,56,,,,,,,,,,,,,,,,,,,,,,,,,,,,,,,,,,,,,,,,,,,,秘籍升级材料,残页,
3,2,18,4,18,1,龙象般若功·页四,秘籍残页,[ffce49]【战龙奇象】  龙象般若功第4式[-]<enter><enter>[32af3e]龙经百战、象过千役，练成后有三龙三象之力[-],Mijicanye_Longxiangbanruogong,Wupin,0,100000,500000,11,11,0,80,,2,9999,book,attack_v,4,113,defense_v,4,56,,,,,,,,,,,,,,,,,,,,,,,,,,,,,,,,,,,,,,,,,,,,秘籍升级材料,残页,
3,2,18,5,18,1,龙象般若功·页五,秘籍残页,[ffce49]【潜龙匿像】  龙象般若功第5式[-]<enter><enter>[32af3e]龙潜于渊，象匿于林，蓄力待发，练成后有四龙四象之力。[-],Mijicanye_Longxiangbanruogong,Wupin,0,100000,500000,11,11,0,80,,2,9999,book,attack_v,4,113,defense_v,4,56,,,,,,,,,,,,,,,,,,,,,,,,,,,,,,,,,,,,,,,,,,,,秘籍升级材料,残页,
3,2,18,6,18,1,龙象般若功·页六,秘籍残页,[ffce49]【飞龙疾象】  龙象般若功第6式[-]<enter><enter>[32af3e]飞龙于天，巨象疾驰，练成后有五龙五象之力。[-],Mijicanye_Longxiangbanruogong,Wupin,0,100000,500000,11,11,0,80,,2,9999,book,attack_v,4,113,defense_v,4,56,,,,,,,,,,,,,,,,,,,,,,,,,,,,,,,,,,,,,,,,,,,,秘籍升级材料,残页,
3,2,18,7,18,1,龙象般若功·页七,秘籍残页,[ffce49]【斗龙敌象】  龙象般若功第7式[-]<enter><enter>[32af3e]力量可自如与龙象为敌，练成后有六龙六象之力。[-],Mijicanye_Longxiangbanruogong,Wupin,0,100000,500000,11,11,0,80,,2,9999,book,attack_v,4,135,defense_v,4,68,,,,,,,,,,,,,,,,,,,,,,,,,,,,,,,,,,,,,,,,,,,,秘籍升级材料,残页,
3,2,18,8,18,1,龙象般若功·页八,秘籍残页,[ffce49]【屠龙斩象】  龙象般若功第8式[-]<enter><enter>[32af3e]屠龙斩象不在话下，练成后有七龙七象之力。[-],Mijicanye_Longxiangbanruogong,Wupin,0,100000,500000,11,11,0,80,,2,9999,book,attack_v,4,146,defense_v,4,73,,,,,,,,,,,,,,,,,,,,,,,,,,,,,,,,,,,,,,,,,,,,秘籍升级材料,残页,
3,2,18,9,18,1,龙象般若功·页九,秘籍残页,[ffce49]【御龙驰象】  龙象般若功第9式[-]<enter><enter>[32af3e]神龙圣象无不屈服，练成后有八龙八象之力。[-],Mijicanye_Longxiangbanruogong,Wupin,0,100000,500000,11,11,0,80,,2,9999,book,attack_v,4,169,defense_v,4,84,,,,,,,,,,,,,,,,,,,,,,,,,,,,,,,,,,,,,,,,,,,,秘籍升级材料,残页,
