G,D,P,L,Category,Name,Type,Desc,Desc2,Icon,IconAtlas,DropMaleId,DropFemaleId,UseLevel,Bind,Sell,Quality,MaxStack,MaxOwnCount,LuaClass,ShowBagEffect,ShortUseFlag,ExtParam1,ExtParam2,ExtParam3,ExtParam4,ExtParam5,ExtParam6,ExtParam7,ExtParam8,CoinType,BasePrice,BuyoutPrice,AddPrice,BasePriceWorld,BuyoutPriceWorld,AddPriceWorld,MaxAuctionCount,MBI_Type,comment,extraField
消耗类都填5,,,,,道具名称,道具种类,道具描述,道具获取途径，17字以内,道具图标,,男掉落表现,女掉落表现,角色等级,不绑定0；绑定1,是否可卖店,品质,叠加上限,背包最大持有数,,获得道具时背包是否要特效提示,是否弹出自动使用(1自动使用),,,,,,,,,限时竞拍货币类型,限时竞拍初始价,限时竞拍一口价,限时竞拍加价,竞拍世界初始价,竞拍世界一口价,竞拍世界加价,竞拍最大数量,运营识别类型,注释,描述道具的额外字段
8,1,1,1,,钧天玉,消耗品,[ffce49]用于印鉴钧天孔[-]<enter>[CCAF97FF]九天之一重天[-],◆可从武器中提取获得。,Tianyu_Weapon,Wupin,,,1,1,1000,1,1,,item_xuan_jade,1,,,,,,,,,,,,,,,,,,印鉴强化材料,,
8,2,1,1,,苍天玉,消耗品,[ffce49]用于印鉴苍天孔[-]<enter>[CCAF97FF]九天之二重天[-],◆可从上衣中提取获得。,Tianyu_Body,Wupin,,,1,1,1000,1,1,,item_xuan_jade,1,,,,,,,,,,,,,,,,,,印鉴强化材料,,
8,3,1,1,,变天玉,消耗品,[ffce49]用于印鉴变天孔[-]<enter>[CCAF97FF]九天之三重天[-],◆可从腰扣中提取获得。,Tianyu_Waist,Wupin,,,1,1,1000,1,1,,item_xuan_jade,1,,,,,,,,,,,,,,,,,,印鉴强化材料,,
8,4,1,1,,玄天玉,消耗品,[ffce49]用于印鉴玄天孔[-]<enter>[CCAF97FF]九天之四重天[-],◆可从帽子中提取获得。,Tianyu_Head,Wupin,,,1,1,1000,1,1,,item_xuan_jade,1,,,,,,,,,,,,,,,,,,印鉴强化材料,,
8,5,1,1,,幽天玉,消耗品,[ffce49]用于印鉴幽天孔[-]<enter>[CCAF97FF]九天之五重天[-],◆可从护符中提取获得。,Tianyu_Amulet,Wupin,,,1,1,1000,1,1,,item_xuan_jade,1,,,,,,,,,,,,,,,,,,印鉴强化材料,,
8,6,1,1,,颢天玉,消耗品,[ffce49]用于印鉴颢天孔[-]<enter>[CCAF97FF]九天之六重天[-],◆可从戒指中提取获得。,Tianyu_Ring,Wupin,,,1,1,1000,1,1,,item_xuan_jade,1,,,,,,,,,,,,,,,,,,印鉴强化材料,,
8,7,1,1,,朱天玉,消耗品,[ffce49]用于印鉴朱天孔[-]<enter>[CCAF97FF]九天之七重天[-],◆可从鞋子中提取获得。,Tianyu_Shoes,Wupin,,,1,1,1000,1,1,,item_xuan_jade,1,,,,,,,,,,,,,,,,,,印鉴强化材料,,
8,8,1,1,,炎天玉,消耗品,[ffce49]用于印鉴炎天孔[-]<enter>[CCAF97FF]九天之八重天[-],◆可从项链中提取获得。,Tianyu_Necklace,Wupin,,,1,1,1000,1,1,,item_xuan_jade,1,,,,,,,,,,,,,,,,,,印鉴强化材料,,
8,9,1,1,,阳天玉,消耗品,[ffce49]用于印鉴阳天孔[-]<enter>[CCAF97FF]九天之九重天[-],◆可从下装中提取获得。,Tianyu_Pants,Wupin,,,1,1,1000,1,1,,item_xuan_jade,1,,,,,,,,,,,,,,,,,,印鉴强化材料,,
