G,D,P,L,Category,Name,Type,Desc,Desc2,Icon,IconAtlas,DropMaleId,DropFemaleId,UseLevel,Bind,Sell,Quality,MaxStack,MaxOwnCount,LuaClass,ShowBagEffect,ShortUseFlag,ExtParam1,ExtParam2,ExtParam3,ExtParam4,ExtParam5,ExtParam6,ExtParam7,ExtParam8,CoinType,BasePrice,BuyoutPrice,AddPrice,BasePriceWorld,BuyoutPriceWorld,AddPriceWorld,MaxAuctionCount,MaxAuctionCacheCount,AuctionDuration,AuctionCooldownTime,MBI_Type,comment,extraField
消耗类都填5,,代表打孔器等级,2表示随机,,道具名称,道具种类,道具描述,道具获取途径，17字以内,道具图标,,男掉落表现,女掉落表现,角色等级,不绑定0；绑定1,是否可卖店,品质,叠加上限,背包最大持有数,,获得道具时背包是否要特效提示,是否弹出自动使用(1自动使用),,,,,,,,,限时竞拍货币类型,限时竞拍初始价,限时竞拍一口价,限时竞拍加价,竞拍世界初始价,竞拍世界一口价,竞拍世界加价,竞拍最大数量,世界竞拍上架队列最大值,世界竞拍上架持续时间,世界竞拍上架冷却,运营识别类型,注释,描述道具的额外字段
5,14,1,1,,打孔器,消耗品,[ffce49]用于印鉴开孔[-]<enter>[CCAF97FF]洪荒之力[-],◆可从家族商店获得。,Xiaohao_Guiyuzao,Wupin,,,1,0,5000,2,999,,item_signet_slot,1,,,,,,,,,,,,,,,,,,,,,印鉴强化材料,,
5,14,1,2,,归玉凿,消耗品,[ffce49]用于印鉴开孔[-]<enter>[CCAF97FF]结构精巧的圆凿，能凿出恰巧容下一枚玄玉的圆孔，可令各色玄玉归位。[-],◆可从家族商店获得。,Xiaohao_Guiyuzao,Wupin,,,1,0,10000,3,999,,item_signet_slot,1,,,,,,,,,,,,,,,,,,,,,印鉴强化材料,,
5,14,1,3,,归玉凿,消耗品,[ffce49]用于印鉴开孔[-]<enter>[CCAF97FF]结构精巧的圆凿，能凿出恰巧容下一枚玄玉的圆孔，可令各色玄玉归位。[-],,Xiaohao_Guiyuzao,Wupin,,,1,0,10000,3,999,,item_signet_slot,1,,,,,,,,,,,,,,,,,,,,,印鉴强化材料,,
5,14,1,4,,归玉凿,消耗品,[ffce49]用于印鉴开孔[-]<enter>[CCAF97FF]结构精巧的圆凿，能凿出恰巧容下一枚玄玉的圆孔，可令各色玄玉归位。[-],,Xiaohao_Guiyuzao,Wupin,,,1,0,10000,3,999,,item_signet_slot,1,,,,,,,,,,,,,,,,,,,,,印鉴强化材料,,
5,14,1,5,,归玉凿,消耗品,[ffce49]用于印鉴开孔[-]<enter>[CCAF97FF]结构精巧的圆凿，能凿出恰巧容下一枚玄玉的圆孔，可令各色玄玉归位。[-],,Xiaohao_Guiyuzao,Wupin,,,1,0,10000,3,999,,item_signet_slot,1,,,,,,,,,,,,,,,,,,,,,印鉴强化材料,,
5,14,1,6,,归玉凿,消耗品,[ffce49]用于印鉴开孔[-]<enter>[CCAF97FF]结构精巧的圆凿，能凿出恰巧容下一枚玄玉的圆孔，可令各色玄玉归位。[-],,Xiaohao_Guiyuzao,Wupin,,,1,0,10000,3,999,,item_signet_slot,1,,,,,,,,,,,,,,,,,,,,,印鉴强化材料,,
5,14,1,7,,归玉凿,消耗品,[ffce49]用于印鉴开孔[-]<enter>[CCAF97FF]结构精巧的圆凿，能凿出恰巧容下一枚玄玉的圆孔，可令各色玄玉归位。[-],,Xiaohao_Guiyuzao,Wupin,,,1,0,10000,3,999,,item_signet_slot,1,,,,,,,,,,,,,,,,,,,,,印鉴强化材料,,
5,14,1,8,,归玉凿,消耗品,[ffce49]用于印鉴开孔[-]<enter>[CCAF97FF]结构精巧的圆凿，能凿出恰巧容下一枚玄玉的圆孔，可令各色玄玉归位。[-],,Xiaohao_Guiyuzao,Wupin,,,1,0,10000,3,999,,item_signet_slot,1,,,,,,,,,,,,,,,,,,,,,印鉴强化材料,,
5,14,1,9,,归玉凿,消耗品,[ffce49]用于印鉴开孔[-]<enter>[CCAF97FF]结构精巧的圆凿，能凿出恰巧容下一枚玄玉的圆孔，可令各色玄玉归位。[-],,Xiaohao_Guiyuzao,Wupin,,,1,0,10000,3,999,,item_signet_slot,1,,,,,,,,,,,,,,,,,,,,,印鉴强化材料,,
5,14,1,10,,归玉凿,消耗品,[ffce49]用于印鉴开孔[-]<enter>[CCAF97FF]结构精巧的圆凿，能凿出恰巧容下一枚玄玉的圆孔，可令各色玄玉归位。[-],,Xiaohao_Guiyuzao,Wupin,,,1,0,10000,3,999,,item_signet_slot,1,,,,,,,,,,,,,,,,,,,,,印鉴强化材料,,
5,14,1,11,,归玉凿,消耗品,[ffce49]用于印鉴开孔[-]<enter>[CCAF97FF]结构精巧的圆凿，能凿出恰巧容下一枚玄玉的圆孔，可令各色玄玉归位。[-],,Xiaohao_Guiyuzao,Wupin,,,1,0,10000,3,999,,item_signet_slot,1,,,,,,,,,,,,,,,,,,,,,印鉴强化材料,,
5,14,2,2,,2级归玉凿,消耗品,[ffce49]用于印鉴开孔[-]<enter>[CCAF97FF]结构精巧的圆凿，能凿出恰巧容下一枚玄玉的圆孔，可令各色玄玉归位。[-],◆可从家族商店获得。,Xiaohao_Guiyuzao,Wupin,,,1,0,10000,3,999,,item_signet_slot,1,,,,,,,,,,,,,,,,,,,,,印鉴强化材料,,
