G,D,P,L,Category,Name,Type,Desc,Desc2,Icon,IconAtlas,WorthValue,CanTrade,TradeBind,MinTradePrice,MaxTradePrice,PutonCount,DropMaleId,DropFemaleId,UseLevel,Bind,Sell,Quality,MaxStack,MaxOwnCount,LuaClass,ShowBagEffect,ExtParam1,ExtParam2,ExtParam3,ExtParam4,ExtParam5,ShortUseFlag,ExtParam7,ExtParam8,ExtParam9,ExtParam10,CoinType,BasePrice,BuyoutPrice,AddPrice,BasePriceWorld,BuyoutPriceWorld,AddPriceWorld,WorldShopPerSellLimit,MaxAuctionCount,MaxAuctionCacheCount,AuctionDuration,AuctionCooldownTime,MBI_Type,comment,extraField
消耗类都填5,,,,,道具名称,道具种类,道具描述,道具获取途径，17字以内,道具图标,,,,,交易最低价,交易最高价,交易行上架数量,男掉落表现,女掉落表现,角色等级,不绑定0；绑定1,是否可卖店,品质,叠加上限,背包最大持有数,,获得道具时背包是否要特效提示,,,,,,是否弹出自动使用(1自动使用),,,,,限时竞拍货币类型,限时竞拍初始价,限时竞拍一口价,限时竞拍加价,竞拍世界初始价,竞拍世界一口价,竞拍世界加价,世界竞拍每次上架数量,世界竞拍最大数量,世界竞拍上架队列最大值,世界竞拍上架持续时间,世界竞拍上架冷却,运营识别类型,注释,描述道具的额外字段
5,1,1,1,,玄晶铁·武器,升星材料,[ffce49]武器升星材料，能提升武器属性。[-]<enter>[CCAF97FF]千年玄晶寒铁，劈石破玉，是锻造神兵的上好材料。[-],◆可从剧情副本中获得。,Cailiao_Xuanjingtie,Wupin,15746,,,,,,1,1,,1,150,3,99999,,develop_stuff,1,,,,,,0,,,,,,,,,,,,,,,,,升星材料,剑1,
5,1,2,1,,冰蚕丝·衣服,升星材料,[ffce49]衣服升星材料，能提升衣服属性。[-]<enter>[CCAF97FF]北冥冰蚕金丝，水火不侵，是锻造宝甲的上好材料。[-],◆可从剧情副本中获得。,Cailiao_Bingcansi,Wupin,15746,,,,,,4,4,,1,150,3,99999,,develop_stuff,1,,,,,,0,,,,,,,,,,,,,,,,,升星材料,剑1,
5,1,3,1,,云中锦·腰带,升星材料,[ffce49]腰带升星材料，能提升腰带属性。[-]<enter>[CCAF97FF]吉祥云纹锦缎，云锦天章，是锻造束腰的上好材料。[-],◆可从剧情副本中获得。,Cailiao_Yunzhongjin,Wupin,15746,,,,,,9,9,,1,150,3,99999,,develop_stuff,1,,,,,,0,,,,,,,,,,,,,,,,,升星材料,剑1,
5,1,4,1,,孔雀羽·帽子,升星材料,[ffce49]帽子升星材料，能提升帽子属性。[-]<enter>[CCAF97FF]五彩斑斓雀羽，织金绣银，是锻造冠冕的上好材料。[-],◆可从剧情副本中获得。,Cailiao_Kongqueyu,Wupin,15746,,,,,,2,2,,1,150,3,99999,,develop_stuff,1,,,,,,0,,,,,,,,,,,,,,,,,升星材料,剑1,
5,1,5,1,,和氏玉·护符,升星材料,[ffce49]护符升星材料，能提升护符属性。[-]<enter>[CCAF97FF]春秋和氏璧玉，晶莹温润，是锻造护符的上好材料。[-],◆可从剧情副本中获得。,Cailiao_Heshiyu,Wupin,15746,,,,,,5,5,,1,150,3,99999,,develop_stuff,1,,,,,,0,,,,,,,,,,,,,,,,,升星材料,剑1,
5,1,6,1,,玫瑰金·戒指,升星材料,[ffce49]戒指升星材料，能提升戒指属性。[-]<enter>[CCAF97FF]玫瑰色的金块，璀璨夺目，是锻造戒指的上好材料。[-],◆可从剧情副本中获得。,Cailiao_Meiguijin,Wupin,15746,,,,,,7,7,,1,150,3,99999,,develop_stuff,1,,,,,,0,,,,,,,,,,,,,,,,,升星材料,剑1,
5,1,7,1,,犀牛皮·鞋子,升星材料,[ffce49]鞋子升星材料，能提升鞋子属性。[-]<enter>[CCAF97FF]白犀牛的皮毛，坚固厚实，是锻造鞋子的上好材料。[-],◆可从剧情副本中获得。,Cailiao_Xiniupi,Wupin,15746,,,,,,3,3,,1,150,3,99999,,develop_stuff,1,,,,,,0,,,,,,,,,,,,,,,,,升星材料,剑1,
5,1,8,1,,月影石·挂件,挂件材料,[ffce49]兑换挂件材料，能兑换外观挂件。[-]<enter>[CCAF97FF]珍贵月影之石，月光泠泠，是兑换挂件的必备材料。[-],◆可从剧情副本中获得。,Huobi_Yueyingshi1,Wupin,1667,,,,,,10,10,,1,10,3,99999,,,1,,,,,,0,,,,,,,,,,,,,,,,,升星材料,剑1,
5,1,9,1,,古竹简,无效探宝道具,[ffce49]可合成七色锦。[-]<enter>[CCAF97FF]残破竹片，已不可用于探宝。用3个古竹简可合成1个七色锦。[-],◆已无产出途径。,Tanbao_Guzhujian,Wupin,14309,,,,,,10,10,,1,150,1,99,,seektreasure,1,,,,,,0,,,,,,,,,,,,,,,,,探宝系统材料,剑1,
5,1,9,2,,七色锦,无效探宝道具,[ffce49]可合成夜明珠。[-]<enter>[CCAF97FF]流光溢彩的织锦，已不可用于探宝。用3个七色锦可合成1个夜明珠。[-],◆已无产出途径。,Tanbao_Qisejin,Wupin,21464,,,,,,10,10,,1,220,2,99,,seektreasure,1,,,,,,0,,,,,,,,,,,,,,,,,探宝系统材料,剑1,
5,1,9,3,,夜明珠,消耗品,[ffce49]用于组队探宝，并获取初级奖励。[-]<enter>[CCAF97FF]夜光宝珠，灵气四溢，隐约流动。用3个夜明珠可合成1个司南针。[-],,Tanbao_Yemingzhu,Wupin,28618,,,,,,10,10,,1,290,3,99,,seektreasure,1,,,,,,0,,,,,,,,,,,,,,,,,探宝系统材料,,1级
5,1,9,4,,司南针,消耗品,[ffce49]用于组队探宝，并获取中级奖励。[-]<enter>[CCAF97FF]黑磁铁制成的司南罗盘针，可寻踪觅迹。用3个司南针可合成1个龙纹佩。[-],,Tanbao_Sinanzhen,Wupin,35772,,,,,,10,10,,1,500,3,99,,seektreasure,1,,,,,,0,,,,,,,,,,,,,,,,,探宝系统材料,,2级
5,1,9,5,,龙纹佩,消耗品,[ffce49]用于组队探宝，并获取高级奖励。[-]<enter>[CCAF97FF]云腾龙跃的白玉之佩，是极其珍贵的宝物。[-],,Tanbao_Longwenpei,Wupin,42926,,,,,,10,10,,1,1000,4,99,,seektreasure,1,,,,,,0,,,,,,,,,,,,,,,,,探宝系统材料,,3级
5,1,10,1,,密信,时间轴材料,[ffce49]请卖到商店换取银两。[-]<enter>[CCAF97FF]爱人送来的密信残片，上面粗略标示着铁浮城位置。[-],,Shijianzhou_Mixin,Wupin,100,,,,,,12,12,,1,100,1,99999,,,0,,,,,,0,,,,,,,,,,,,,,,,,时间轴材料,剑1,
5,1,11,1,,硫磺,时间轴材料,[ffce49]请卖到商店换取银两。[-]<enter>[CCAF97FF]气味浓烈的黄色矿石，制作某种爆破武器的必要成份。[-],,Shijianzhou_Liuhuang,Wupin,100,,,,,,13,13,,1,100,1,99999,,,0,,,,,,0,,,,,,,,,,,,,,,,,时间轴材料,剑1,
5,1,12,1,,地图,时间轴材料,[ffce49]请卖到商店换取银两。[-]<enter>[CCAF97FF]铁浮城内士兵随身所携的地形草图，拼合后也许可以推断出爱人的位置。[-],,Shijianzhou_Ditusuipian,Wupin,100,,,,,,15,15,,1,100,1,99999,,,0,,,,,,0,,,,,,,,,,,,,,,,,时间轴材料,剑1,
5,1,13,1,,硝石,时间轴材料,[ffce49]请卖到商店换取银两。[-]<enter>[CCAF97FF]极易燃的矿石，保存和使用的时候需格外小心。[-],,Shijianzhou_Xiaoshi,Wupin,100,,,,,,14,14,,1,100,1,99999,,,0,,,,,,0,,,,,,,,,,,,,,,,,时间轴材料,剑1,
5,1,14,1,,人参,时间轴材料,[ffce49]请卖到商店换取银两。[-]<enter>[CCAF97FF]不足百年的小参，民间医者用于续命的良药。[-],,Shijianzhou_Renshen,Wupin,100,,,,,,13,13,,1,100,1,99999,,,0,,,,,,0,,,,,,,,,,,,,,,,,时间轴材料,剑1,
5,1,15,1,,雪水,时间轴材料,[ffce49]请卖到商店换取银两。[-]<enter>[CCAF97FF]珍贵药引，救治爱人重伤的必需之物。[-],,Shijianzhou_Tianshanxueshui,Wupin,100,,,,,,12,12,,1,100,1,99999,,,0,,,,,,0,,,,,,,,,,,,,,,,,时间轴材料,剑1,
5,1,16,1,,火绒,时间轴材料,[ffce49]请卖到商店换取银两。[-]<enter>[CCAF97FF]又称雪绒花，可以入药，是殷童妹妹极喜欢的花卉。[-],,Shijianzhou_Huorongcao,Wupin,100,,,,,,15,15,,1,100,1,99999,,,0,,,,,,0,,,,,,,,,,,,,,,,,时间轴材料,剑1,
5,1,17,1,,古桐,时间轴材料,[ffce49]请卖到商店换取银两。[-]<enter>[CCAF97FF]致密的高等木材，可以极高温燃烧三天三夜。[-],,Shijianzhou_Gutongmu,Wupin,100,,,,,,13,13,,1,100,1,99999,,,0,,,,,,0,,,,,,,,,,,,,,,,,时间轴材料,剑1,
5,1,18,1,,恩爱,时间轴材料,[ffce49]请卖到商店换取银两。[-]<enter>[CCAF97FF]有情人终成眷属，然而婚姻仍需两人携手维持。[-],,Shijianzhou_Enai,Wupin,100,,,,,,12,12,,1,100,1,99999,,,0,,,,,,0,,,,,,,,,,,,,,,,,时间轴材料,剑1,
5,1,19,1,,天资,时间轴材料,[ffce49]请卖到商店换取银两。[-]<enter>[CCAF97FF]孩子的天资，很大程度上由父母在这个阶段的努力决定。[-],,Shijianzhou_Tianzi,Wupin,100,,,,,,12,12,,1,100,1,99999,,,0,,,,,,0,,,,,,,,,,,,,,,,,时间轴材料,剑1,
5,1,20,1,,阅历,时间轴材料,[ffce49]请卖到商店换取银两。[-]<enter>[CCAF97FF]宝剑锋从磨砺出，梅花香自苦寒来。[-],,Shijianzhou_Yueli,Wupin,100,,,,,,12,12,,1,100,1,99999,,,0,,,,,,0,,,,,,,,,,,,,,,,,时间轴材料,剑1,
5,1,21,1,,线索,时间轴材料,[ffce49]请卖到商店换取银两。[-]<enter>[CCAF97FF]引向公孙容所藏秘密的各种线索。[-],◆最多可持有200个,Shijianzhou_Ditusuipian,Wupin,100,,,,,,15,15,,1,100,1,99999,,,0,,,,,,0,,,,,,,,,,,,,,,,,时间轴材料,剑1,
5,1,22,1,,鱼饵,消耗品,[ffce49]钓鱼所必需的道具。[-]<enter>[CCAF97FF]蚯蚓捏制的钓饵，适用于临安城中各路鱼群。[-],,Diaoyu_Yuer,Wupin,100,,,,,,12,12,,1,1,1,200,200,,1,,,,,,0,,,,,,,,,,,,,,,,,钓鱼系统材料,,
5,1,23,1,,真气·行气丹,消耗品,[ffce49]隐隐发光的真气丹，蕴含较少的真气。[-]<enter>[CCAF97FF]置于掌中，真气循经脉游走，可引导真气行走周身。[-],,Jingmaihuoqu_Item01,Wupin,1855,,,,,,12,12,,1,,2,99,,energyball,1,,,,,,0,,,,,,,,,,,,,,,,,经脉系统材料,,1级
5,1,24,1,,真气·归元丹,消耗品,[ffce49]星光闪烁的真气丹，凝聚着真气行走一个小周天的功力，蕴含较多的真气。[-]<enter>[CCAF97FF]气韵流转于其中，如吐纳自生、万象归于本元。[-],,Jingmaihuoqu_Item02,Wupin,5587,,,,,,12,12,,1,,3,99,,energyball,1,,,,,,0,,,,,,,,,,,,,,,,,经脉系统材料,,2级
5,1,25,1,,真气·无极丹,消耗品,[ffce49]光芒耀眼的真气丹，凝聚着真气循环一个大周天之力，蕴含大量的真气。[-]<enter>[CCAF97FF]丹内真气翻涌，化天地无极之力于其中。[-],,Jingmaihuoqu_Item03,Wupin,12123,,,,,,12,12,,1,,4,99,,energyball,1,,,,,,0,,,,,,,,,,,,,,,,,经脉系统材料,,3级
5,1,26,1,,保险券,消耗品,[ffce49]用于购买押镖保险[-]<enter>[CCAF97FF]为了保护广大押镖者的利益，振远镖局推出了保险券，可减少被阻截的损失[-],,Yabiao_Baoxianling,Wupin,10000,1,0,10000,30000,5,13,13,,0,100,1,99,,,1,,,,,,0,,,,,,,,,,,,,,,,,押镖系统材料,辅助材料,
5,1,27,1,,赤红,染色料,[ffce49]用于外装染色，可以点击外观-染色图标进入到染色界面。[-]<enter>[CCAF97FF]明丽浓烈，艳红似火[-],◆可在商城中购买,Ranliao_Meiguihong,Wupin,150000,,,,,,13,13,,0,750,1,99,,coloritem,1,,,,,,0,,,,,,,,,,,,,,,,,外观系统材料,,
5,1,27,2,,茜色,染色料,[ffce49]用于外装染色，可以点击外观-染色图标进入到染色界面。[-]<enter>[CCAF97FF]茜草摇摇，紫韵红珠。[-],◆可从江湖百业活动、逍遥谷获得,Ranliao_Taohongse,Wupin,150000,,,,,,13,13,,0,750,1,99,,coloritem,1,,,,,,0,,,,,,,,,,,,,,,,,外观系统材料,,
5,1,27,3,,品红,染色料,[ffce49]用于外装染色，可以点击外观-染色图标进入到染色界面。[-]<enter>[CCAF97FF]多情公子，红粉佳人。[-],◆可在商城中购买,Ranliao_Fenhongse,Wupin,150000,,,,,,13,13,,0,750,1,99,,coloritem,1,,,,,,0,,,,,,,,,,,,,,,,,外观系统材料,,
5,1,27,4,,紫色,染色料,[ffce49]用于外装染色，可以点击外观-染色图标进入到染色界面。[-]<enter>[CCAF97FF]迷情秘意，贵气天成。[-],◆可在商城中购买,Ranliao_Ziluolan,Wupin,150000,,,,,,13,13,,0,750,1,99,,coloritem,1,,,,,,0,,,,,,,,,,,,,,,,,外观系统材料,,
5,1,27,5,,蓝色,染色料,[ffce49]用于外装染色，可以点击外观-染色图标进入到染色界面。[-]<enter>[CCAF97FF]宁静悠远，沉谧如梦。[-],◆可从江湖百业活动、逍遥谷获得,Ranliao_Haijunlan,Wupin,150000,,,,,,13,13,,0,750,1,99,,coloritem,1,,,,,,0,,,,,,,,,,,,,,,,,外观系统材料,,
5,1,27,6,,靛色,染色料,[ffce49]用于外装染色，可以点击外观-染色图标进入到染色界面。[-]<enter>[CCAF97FF]青靛幽暗，智者之念。[-],◆可从江湖百业活动、逍遥谷获得,Ranliao_Huangjialan,Wupin,150000,,,,,,13,13,,0,750,1,99,,coloritem,1,,,,,,0,,,,,,,,,,,,,,,,,外观系统材料,,
5,1,27,7,,碧蓝,染色料,[ffce49]用于外装染色，可以点击外观-染色图标进入到染色界面。[-]<enter>[CCAF97FF]晴空远兮，蔚然之色。[-],◆可在商城中购买,Ranliao_Tianqingse,Wupin,150000,,,,,,13,13,,0,750,1,99,,coloritem,1,,,,,,0,,,,,,,,,,,,,,,,,外观系统材料,,
5,1,27,8,,青碧,染色料,[ffce49]用于外装染色，可以点击外观-染色图标进入到染色界面。[-]<enter>[CCAF97FF]碧水青青，山色有无。[-],◆可从江湖百业活动、逍遥谷获得,Ranliao_Yekelv,Wupin,150000,,,,,,13,13,,0,750,1,99,,coloritem,1,,,,,,0,,,,,,,,,,,,,,,,,外观系统材料,,
5,1,27,9,,翠绿,染色料,[ffce49]用于外装染色，可以点击外观-染色图标进入到染色界面。[-]<enter>[CCAF97FF]青翠如翡，生机盎然。[-],◆可从江湖百业活动、逍遥谷获得,Ranliao_Cuilv,Wupin,150000,,,,,,13,13,,0,750,1,99,,coloritem,1,,,,,,0,,,,,,,,,,,,,,,,,外观系统材料,,
5,1,27,10,,柳绿,染色料,[ffce49]用于外装染色，可以点击外观-染色图标进入到染色界面。[-]<enter>[CCAF97FF]春雨细细，柳芽新发。[-],◆可在商城中购买,Ranliao_Caopinglv,Wupin,150000,,,,,,13,13,,0,750,1,99,,coloritem,1,,,,,,0,,,,,,,,,,,,,,,,,外观系统材料,,
5,1,27,11,,鹅黄,染色料,[ffce49]用于外装染色，可以点击外观-染色图标进入到染色界面。[-]<enter>[CCAF97FF]雏鹅乖巧，碎绒浅浅。[-],◆可在商城中购买,Ranliao_Ningmenghuang,Wupin,150000,,,,,,13,13,,0,750,1,99,,coloritem,1,,,,,,0,,,,,,,,,,,,,,,,,外观系统材料,,
5,1,27,12,,橘黄,染色料,[ffce49]用于外装染色，可以点击外观-染色图标进入到染色界面。[-]<enter>[CCAF97FF]橘生淮南，耀日之辉。[-],◆可从江湖百业活动、逍遥谷获得,Ranliao_Xiancheng,Wupin,150000,,,,,,13,13,,0,750,1,99,,coloritem,1,,,,,,0,,,,,,,,,,,,,,,,,外观系统材料,,
5,1,30,1,,希望灯道具,孔明灯,[ffce49]孔明灯记活动的任务道具，队长点击使用，就可以和身边的队友开始放灯了。[-]<enter>[CCAF97FF]放飞希望，愿你有更美的江湖[-],◆最多可持有1个,Huodong_Kongmingcailiao_01,Wupin,149978,,,,,,13,13,,1,50,3,1,1,lantern,1,,,,,,0,,,,,,,,,,,,,,,,,运营活动材料,16国庆,1级
5,1,31,1,,友谊灯道具,孔明灯,[ffce49]孔明灯记活动的任务道具，队长点击使用，就可以和身边的队友开始放灯了。[-]<enter>[CCAF97FF]共享友谊，愿你有更美的江湖[-],◆最多可持有1个,Huodong_Kongmingcailiao_02,Wupin,149978,,,,,,13,13,,1,50,3,1,1,lantern,1,,,,,,0,,,,,,,,,,,,,,,,,运营活动材料,16国庆,2级
5,1,32,1,,五仁馅料,馅料,[ffce49]中秋活动的任务道具，在临安城的乐乐处可以兑换奖励。[-]<enter>[CCAF97FF]五仁月饼甜，中秋喜团圆[-],◆最多可持有99个,Xianliao_Wuren,Wupin,47598,,,,,,13,13,,1,50,3,99,99,activity_talk_to_npc,,2,,,,,0,,,,,,,,,,,,,,,,,运营活动材料,16中秋,1级
5,1,32,2,,豆沙馅料,馅料,[ffce49]中秋活动的任务道具，在临安城的乐乐处可以兑换奖励。[-]<enter>[CCAF97FF]豆沙月饼甜，中秋喜团圆[-],◆最多可持有99个,Xianliao_Dousha,Wupin,47598,,,,,,13,13,,1,50,3,99,99,activity_talk_to_npc,,2,,,,,0,,,,,,,,,,,,,,,,,运营活动材料,16中秋,2级
5,1,32,3,,莲子馅料,馅料,[ffce49]中秋活动的任务道具，在临安城的乐乐处可以兑换奖励。[-]<enter>[CCAF97FF]莲蓉月饼甜，中秋喜团圆[-],◆最多可持有99个,Xianliao_Lianzi,Wupin,47598,,,,,,13,13,,1,50,3,99,99,activity_talk_to_npc,,2,,,,,0,,,,,,,,,,,,,,,,,运营活动材料,16中秋,3级
5,1,33,1,,五仁月饼,馅料,[ffce49]中秋活动的奖励道具，使用后可获得大量奖励。[-]<enter>[CCAF97FF]五仁月饼甜，中秋喜团圆[-],◆最多可持有99个,Yuebing_Putong,Wupin,33010,,,,,,13,13,,1,50,3,99,99,activity_item,,2,19006,,,,0,,,,,,,,,,,,,,,,,运营活动材料,16中秋,1级
5,1,33,2,,豆沙月饼,馅料,[ffce49]中秋活动的奖励道具，使用后可获得大量奖励。[-]<enter>[CCAF97FF]豆沙月饼甜，中秋喜团圆[-],◆最多可持有99个,Yuebing_Putong,Wupin,33010,,,,,,13,13,,1,50,3,99,99,activity_item,,2,19006,,,,0,,,,,,,,,,,,,,,,,运营活动材料,16中秋,2级
5,1,33,3,,莲蓉月饼,馅料,[ffce49]中秋活动的奖励道具，使用后可获得大量奖励。[-]<enter>[CCAF97FF]莲蓉月饼甜，中秋喜团圆[-],◆最多可持有99个,Yuebing_Putong,Wupin,33010,,,,,,13,13,,1,50,3,99,99,activity_item,,2,19006,,,,0,,,,,,,,,,,,,,,,,运营活动材料,16中秋,3级
5,1,34,1,,极光烟花,烟花,[ffce49]中秋活动的奖励道具，使用后可施放美丽烟花。[-]<enter>[CCAF97FF]烟花灿烂，散尽风华[-],◆最多可持有99个,Yanhua_Huali,Wupin,14589,,,,,,13,13,,1,50,3,99,99,effect_item,,1510,1,19007,2,,1,,,,,,,,,,,,,,,,,运营活动材料,16国庆,1级
5,1,34,2,,火焰烟花,烟花,[ffce49]中秋活动的奖励道具，使用后可施放美丽烟花。[-]<enter>[CCAF97FF]烟花灿烂，散尽风华[-],◆最多可持有99个,Yanhua_Huali,Wupin,14589,,,,,,13,13,,1,50,3,99,99,effect_item,,1511,1,19007,2,,1,,,,,,,,,,,,,,,,,运营活动材料,16国庆,2级
5,1,34,3,,灿白烟花,烟花,[ffce49]中秋活动的奖励道具，使用后可施放美丽烟花。[-]<enter>[CCAF97FF]烟花灿烂，散尽风华[-],◆最多可持有99个,Yanhua_Huali,Wupin,14589,,,,,,13,13,,1,50,3,99,99,effect_item,,1512,1,19007,2,,1,,,,,,,,,,,,,,,,,运营活动材料,16国庆,3级
5,1,35,1,,盛世令,令牌,[ffce49]国庆节活动的任务道具，在临安城的乐乐处可以兑换奖励。[-]<enter>[CCAF97FF]中华迎盛世，举国共欢腾[-],◆最多可持有99个,Yaopai_01Shengshi,Wupin,47598,,,,,,13,13,,1,50,3,99,99,activity_talk_to_npc,,4,,,,,0,,,,,,,,,,,,,,,,,运营活动材料,16国庆,1级
5,1,35,2,,永固令,令牌,[ffce49]国庆节活动的任务道具，在临安城的乐乐处可以兑换奖励。[-]<enter>[CCAF97FF]中华迎盛世，举国共欢腾[-],◆最多可持有99个,Yaopai_02Yonggu,Wupin,47598,,,,,,13,13,,1,50,3,99,99,activity_talk_to_npc,,4,,,,,0,,,,,,,,,,,,,,,,,运营活动材料,16国庆,2级
5,1,35,3,,中华令,令牌,[ffce49]国庆节活动的任务道具，在临安城的乐乐处可以兑换奖励。[-]<enter>[CCAF97FF]中华迎盛世，举国共欢腾[-],◆最多可持有99个,Yaopai_03Zhonghua,Wupin,47598,,,,,,13,13,,1,50,3,99,99,activity_talk_to_npc,,4,,,,,0,,,,,,,,,,,,,,,,,运营活动材料,16国庆,3级
5,1,36,1,,极光烟花,烟花,[ffce49]国庆节活动的奖励道具，使用后可施放美丽烟花。[-]<enter>[CCAF97FF]烟花灿烂，散尽风华[-],◆最多可持有99个,Yanhua_Huali,Wupin,14589,,,,,,13,13,,1,50,3,99,99,effect_item,,1510,1,19007,4,,1,,,,,,,,,,,,,,,,,运营活动材料,16国庆,1级
5,1,36,2,,火焰烟花,烟花,[ffce49]国庆节活动的奖励道具，使用后可施放美丽烟花。[-]<enter>[CCAF97FF]烟花灿烂，散尽风华[-],◆最多可持有99个,Yanhua_Huali,Wupin,14589,,,,,,13,13,,1,50,3,99,99,effect_item,,1511,1,19007,4,,1,,,,,,,,,,,,,,,,,运营活动材料,16国庆,2级
5,1,36,3,,灿白烟花,烟花,[ffce49]国庆节活动的奖励道具，使用后可施放美丽烟花。[-]<enter>[CCAF97FF]烟花灿烂，散尽风华[-],◆最多可持有99个,Yanhua_Huali,Wupin,14589,,,,,,13,13,,1,50,3,99,99,effect_item,,1512,1,19007,4,,1,,,,,,,,,,,,,,,,,运营活动材料,16国庆,3级
5,1,37,1,,陨铁,时间轴材料,[ffce49]请卖到商店换取银两。[-]<enter>[CCAF97FF]天外陨铁，极为稀有，中原地区所见皆为西域流传而来。[-],,Shijianzhou_Xiaoshi,Wupin,100,,,,,,14,14,,1,100,1,99999,,,0,,,,,,0,,,,,,,,,,,,,,,,,时间轴材料,剑1,
5,1,38,1,,池水,时间轴材料,[ffce49]请卖到商店换取银两。[-]<enter>[CCAF97FF]天池池水，古传此水极为神圣。[-],,Shijianzhou_Tianshanxueshui,Wupin,100,,,,,,12,12,,1,100,1,99999,,,0,,,,,,0,,,,,,,,,,,,,,,,,时间轴材料,剑1,
5,1,39,1,,信笺,时间轴材料,[ffce49]请卖到商店换取银两。[-]<enter>[CCAF97FF]散落在各地的神秘信笺，上述“耳阁”二字。[-],,Tianren_Tianrenwangshi,Wupin,100,,,,,,12,12,,1,100,1,99999,,,0,,,,,,0,,,,,,,,,,,,,,,,,时间轴材料,剑1,
5,1,40,1,,令符,时间轴材料,[ffce49]请卖到商店换取银两。[-]<enter>[CCAF97FF]神秘组织楚门从人的身份令牌，黑白通吃畅行无阻的标志。[-],,Shashou_Xuanshangling,Wupin,100,,,,,,12,12,,1,100,1,99999,,,0,,,,,,0,,,,,,,,,,,,,,,,,时间轴材料,剑1,
5,1,41,1,,情报,时间轴材料,[ffce49]请卖到商店换取银两。[-]<enter>[CCAF97FF]只言片语，口耳相传，江湖种种，皆是情报。[-],,Shijianzhou_Yueli,Wupin,100,,,,,,12,12,,1,100,1,99999,,,0,,,,,,0,,,,,,,,,,,,,,,,,时间轴材料,剑1,
5,1,42,1,,声望,时间轴材料,[ffce49]请卖到商店换取银两。[-]<enter>[CCAF97FF]秋山盟承自岳家军，军中男儿皆以纪律为纲，以声望为令。[-],,Shijianzhou_Qiushanshengwang,Wupin,100,,,,,,12,12,,1,100,1,99999,,,0,,,,,,0,,,,,,,,,,,,,,,,,时间轴材料,剑1,
5,1,43,1,,羽毛,时间轴材料,[ffce49]请卖到商店换取银两。[-]<enter>[CCAF97FF]神秘的羽毛，如果能收集到足够的样本，也许能知道其中秘密。[-],,Shijianzhou_Shengmiyumao,Wupin,100,,,,,,12,12,,1,100,1,99999,,,0,,,,,,0,,,,,,,,,,,,,,,,,时间轴材料,剑1,
5,1,44,1,,幸运星,兑换,[ffce49]节日活动道具，在临安城广场的乐乐处可以兑换奖励。[-]<enter>[CCAF97FF]兑换截止时间：2017年1月9日[-],,Huodong_Xingyunxing,Wupin,47598,,,,,,13,13,,1,500,3,999,,luck_star,,4,,,,,0,,,,,,,,,,,,,,,,,运营活动材料,16国庆,
5,1,44,2,,幸运星,兑换,[ffce49]节日活动道具，在临安城广场的乐乐处可以兑换奖励。[-]<enter>[CCAF97FF]兑换截止时间：2017年1月9日[-],,Huodong_Xingyunxing,Wupin,47598,,,,,,13,13,,1,500,3,999,,luck_star,,4,,,,,0,,,,,,,,,,,,,,,,,运营活动材料,16国庆,
5,1,45,1,,中国结,兑换,[ffce49]节日活动道具，在临安城广场的乐乐处可以兑换奖励。[-]<enter>[CCAF97FF]兑换截止时间：2017年2月21日0点[-],,Huodong_Chunjie_Zhongguojie,Wupin,47598,,,,,,13,13,,1,500,3,999,,luck_star,,4,,,,,0,,,,,,,,,,,,,,,,,运营活动材料,16国庆,
5,1,46,1,,九州文牒,消耗品,[ffce49]通行九州的官府文牒，使用后可以增加1次九州行奖励次数。[-]<enter>,◆最多可持有99个,Xiaohao_Jiuzhoutongdie,Wupin,47598,,,,,,13,13,,1,50000,3,99,99,xoyo_token_item,1,4,,,,,0,,,,,,,,,,,,,,,,,副本系统门票,,
5,1,47,1,,衡虚境·玄珠,消耗品,[ffce49]进入衡虚境必须的道具，其中蕴含与衡虚境产生共鸣的精气，使用后即会破碎。[-]<enter>[CCAF97FF]进入衡虚境的必备之物[-],◆最多可持有5个,Xoyo_Hengxuxuanzhu,Wupin,47598,1,0,1000000,3000000,1,13,13,,0,10000,3,5,5,damijing_item,1,4,,,,,0,,,,,,,,,,,,,,,,,副本系统门票,,
5,1,47,101,,玄珠礼包,消耗品,[ffce49]使用后可获得衡虚境·玄珠1颗，可用于参与衡虚境。[-]<enter>[CCAF97FF]打开礼包可获得衡虚境·玄珠[-],,Tanbao_Shenmidexiansuo,Wupin,47598,,,,,,13,13,,1,10000,3,99,,item_shell,1,5,1,47,1,,1,,,,,,,,,,,,,,,,,副本系统门票,,
5,1,48,1,,情报,时间轴材料,[ffce49]请卖到商店换取银两。[-]<enter>[CCAF97FF]军机之出，贵在军情，提前收集楚门门徒动向，有助于占据先机。[-],,Shijianzhou_Yijunzhanli,Wupin,100,,,,,,12,12,,1,100,1,99999,,,0,,,,,,0,,,,,,,,,,,,,,,,,时间轴材料,剑1,
5,1,48,2,,线索,时间轴材料,[ffce49]请卖到商店换取银两。[-]<enter>[CCAF97FF]看来赤萝根这种珍贵药材，对楚岳双方都有重要的意义。[-],,Xianliao_Dousha,Wupin,100,,,,,,12,12,,1,100,1,99999,,,0,,,,,,0,,,,,,,,,,,,,,,,,时间轴材料,剑1,
5,1,48,3,,情报,时间轴材料,[ffce49]请卖到商店换取银两。[-]<enter>[CCAF97FF]帮助耳阁探听情报，眼观六路，耳听八方。[-],,Shijianzhou_Qiushanshengwang,Wupin,100,,,,,,12,12,,1,100,1,99999,,,0,,,,,,0,,,,,,,,,,,,,,,,,时间轴材料,剑1,
5,1,48,4,,灵石,时间轴材料,[ffce49]请卖到商店换取银两。[-]<enter>[CCAF97FF]与灵玉同种物质的残片，相较圣物灵玉，掺杂了很多杂质。[-],,Shijianzhou_Xiaoshi,Wupin,100,,,,,,12,12,,1,100,1,99999,,,0,,,,,,0,,,,,,,,,,,,,,,,,时间轴材料,剑1,
5,1,49,1,,小真元丹,消耗品,[ffce49]可在护法界面选择已招募的护法培养，增加7500点护法经验。[-]<enter>[CCAF97FF]上好药材炼成的丹药，护法服之可提升少量修为[-],,Hufa_Exp01,Wupin,5000,1,0,60000,180000,10,15,15,,0,500,1,9999,,,1,,,,,,,,,,,,,,,,,,,,,,,护法系统材料,,1级
5,1,49,2,,中真元丹,消耗品,[ffce49]可在护法界面选择已招募的护法培养，增加15000点护法经验。[-]<enter>[CCAF97FF]以长白山双头人参与天山雪莲炼成的丹药，护法服之可愈筋络肌理、增修为。[-],,Hufa_Exp02,Wupin,10000,1,0,220000,660000,10,15,15,,0,500,1,9999,,,1,,,,,,,,,,,,,,,,,,,,,,,护法系统材料,,2级
5,1,49,3,,大真元丹,消耗品,[ffce49]可在护法界面选择已招募的护法培养，增加30000点护法经验。[-]<enter>[CCAF97FF]集天地灵气而成的神奇丹药，护法服之可内息精进、修为大涨。[-],,Hufa_Exp03,Wupin,20000,1,0,440000,1320000,10,15,15,,0,500,2,9999,,,1,,,,,,,,,,,,,,,,,,,,,,,护法系统材料,,3级
5,1,50,1,,洗髓丹,消耗品,[ffce49]可在护法界面选择已招募的护法培养，有几率提升护法各项属性资质。[-]<enter>[CCAF97FF]蕴含易筋洗髓之力的灵丹，可使护法伐毛洗髓，脱胎换骨。[-],,Hufa_Xisui,Wupin,20000,1,0,60000,180000,10,15,15,,0,500,1,9999,,,1,,,,,,,,,,,,,,,,,,,,,,,护法系统材料,洗炼,
5,1,51,1,,精气丹,消耗品,[ffce49]使用后可回复100点精工值[-]<enter>[CCAF97FF]据杨吉老之秘传方，选取名贵药材制成的丹药。服之可恢复精气、收拢心神，益于合成铸冶之工。[-],,Huobi_Jingqidan1,Wupin,20000,,,,,,15,15,,0,500,1,9999,,stamina_potion,1,0,100,,,,,,,,,,,,,,,,,,,,,经脉系统材料,,
5,1,52,1,,钟山精铁,消耗品,[ffce49]可在重铸中替代75装备等级卓越品质装备作为消耗材料[-]<enter>[CCAF97FF]钟山所采精铁，藏之山南，孕于水畔，坚而润，可用于铸化兵甲。[-],,Xiaohao_Zhongshanjingtie,Wupin,20000,,,,,,15,15,,0,10000,4,99,99,fake_recast_cost,1,40075,,,,,,,,,,,,,,,,,,,,,,装备重铸系统材料,,
5,1,52,2,,钟山玄铁,消耗品,[ffce49]可在重铸中替代75装备等级卓越或传说品质装备作为消耗材料[-]<enter>[CCAF97FF]钟山所采玄铁，蕴日月，经风霜，性极寒而不可触之。可用于铸化兵甲。[-],,Xiaohao_Zhongshanxuantie,Wupin,20000,,,,,,15,15,,0,20000,5,99,99,fake_recast_cost,1,50075,,,,,,,,,,,,,,,,,,,,,,装备重铸系统材料,,
5,1,101,1,,1级天钧石,消耗品,[ffce49]装备强化等级1-10级所需强化材料，能提升装备基础属性。[-]<enter>[CCAF97FF]天钧谷产出的碎石渣，可以简单打磨装备。[-],,Cailiao_Enhance01,Wupin,20000,1,0,50000,150000,20,31,31,,0,500,1,9999,,equip_enhance,1,,,,,,,,,,,,,,,,,,,,,,,强化系统材料,,1级
5,1,101,2,,2级天钧石,消耗品,[ffce49]装备强化等级11-20级所需强化材料，能提升装备基础属性。[-]<enter>[CCAF97FF]略带灵气的石材，虽为天钧谷弃置，但以之锻造装备仍可提升些微能力。[-],,Cailiao_Enhance02,Wupin,40000,1,0,150000,450000,20,31,31,,0,1000,1,9999,,equip_enhance,1,,,,,,,,,,,,,,,,,,,,,,,强化系统材料,,2级
5,1,101,3,,3级天钧石,消耗品,[ffce49]装备强化等级21-30级所需强化材料，能提升装备基础属性。[-]<enter>[CCAF97FF]天钧谷中铸冶时留下的零碎强化石，能小幅提升装备能力。[-],,Cailiao_Enhance03,Wupin,80000,1,0,450000,1350000,15,31,31,,0,1500,1,9999,,equip_enhance,1,,,,,,,,,,,,,,,,,,,,,,,强化系统材料,,3级
5,1,101,4,,4级天钧石,消耗品,[ffce49]装备强化等级31-40级所需强化材料，能提升装备基础属性。[-]<enter>[CCAF97FF]从天钧谷矿山中挖掘出的残碎强化石，锻造武器防具时的必需品。[-],,Cailiao_Enhance04,Wupin,160000,1,0,1350000,4050000,15,31,31,,0,2000,2,9999,,equip_enhance,1,,,,,,,,,,,,,,,,,,,,,,,强化系统材料,,4级
5,1,101,5,,5级天钧石,消耗品,[ffce49]装备强化等级41-50级所需强化材料，能提升装备基础属性。[-]<enter>[CCAF97FF]完整的强化原石，自天钧谷中完整开采而出，是强化装备的佳品。[-],,Cailiao_Enhance05,Wupin,320000,1,0,4050000,12150000,10,31,31,,0,2500,2,9999,,equip_enhance,1,,,,,,,,,,,,,,,,,,,,,,,强化系统材料,,5级
5,1,101,6,,6级天钧石,消耗品,[ffce49]装备强化等级51-60级所需强化材料，能提升装备基础属性。[-]<enter>[CCAF97FF]欧阳冶四处游历时发现并带回天钧谷中的石材，精华内蕴，铸冶装备可生奇效。[-],,Cailiao_Enhance06,Wupin,640000,1,0,4050000,12150000,10,31,31,,0,3000,2,9999,,equip_enhance,1,,,,,,,,,,,,,,,,,,,,,,,强化系统材料,,6级
5,1,101,7,,7级天钧石,消耗品,[ffce49]装备强化等级61-70级所需强化材料，能提升装备基础属性。[-]<enter>[CCAF97FF]经天钧谷名匠拣选的强化石，是强化装备的上品。[-],,Cailiao_Enhance07,Wupin,1280000,1,0,4050000,12150000,10,31,31,,0,3500,3,9999,,equip_enhance,1,,,,,,,,,,,,,,,,,,,,,,,强化系统材料,,7级
5,1,101,8,,8级天钧石,消耗品,[ffce49]装备强化等级71-80级所需强化材料，能提升装备基础属性。[-]<enter>[CCAF97FF]天钧谷灵石，常年埋藏于雪谷之中，是装备提升能力的必备之物。[-],,Cailiao_Enhance08,Wupin,2560000,1,0,4050000,12150000,10,31,31,,1,4000,3,9999,,equip_enhance,1,,,,,,,,,,,,,,,,,,,,,,,强化系统材料,,8级
5,1,101,9,,9级天钧石,消耗品,[ffce49]装备强化等级81-90级所需强化材料，能提升装备基础属性。[-]<enter>[CCAF97FF]天钧谷特有的宝石，以天钧谷独门技法铸冶，可使装备能力大增。[-],,Cailiao_Enhance09,Wupin,5120000,1,0,4050000,12150000,10,31,31,,1,4500,3,9999,,equip_enhance,1,,,,,,,,,,,,,,,,,,,,,,,强化系统材料,,9级
5,1,101,10,,10级天钧石,消耗品,[ffce49]装备强化等级91-100级所需强化材料，能提升装备基础属性。[-]<enter>[CCAF97FF]天钧谷秘不外传的奇石，锻造神兵宝甲时不可或缺之物。[-],,Cailiao_Enhance10,Wupin,10240000,1,0,4050000,12150000,10,31,31,,1,5000,4,9999,,equip_enhance,1,,,,,,,,,,,,,,,,,,,,,,,强化系统材料,,10级
5,1,102,1,,淬玉,消耗品,[ffce49]印鉴强化材料，能提升印鉴属性。[-]<enter>[CCAF97FF]晶莹温润的碎玉，是强化印鉴的上好材料。[-],,Cailiao_Enhance_Cuiyu,Wupin,10000,1,0,110000,330000,20,15,15,,0,200,1,9999,,signet_material,1,,,,,,,,,,,,,,,,,,,,,,,强化系统材料,印鉴,
5,1,102,2,,印鉴升品材料,消耗品,[ffce49]印鉴升品材料，能提升印鉴品质。[-]<enter>[CCAF97FF]晶莹温润的碎玉，是提升印鉴品质的上好材料。[-],,Cailiao_Enhance_Cuiyu,Wupin,10000,1,0,110000,330000,20,15,15,,0,200,3,9999,,signet_material,1,,,,,,,,,,,,,,,,,,,,,,,强化系统材料,印鉴,
5,1,102,3,,印鉴升阶材料,消耗品,[ffce49]印鉴升阶材料，能提升印鉴阶级。[-]<enter>[CCAF97FF]晶莹温润的碎玉，是提升印鉴阶级的上好材料。[-],,Cailiao_Enhance_Cuiyu,Wupin,10000,1,0,110000,330000,20,15,15,,0,200,4,9999,,signet_material,1,,,,,,,,,,,,,,,,,,,,,,,强化系统材料,印鉴,
5,1,103,1,,天工锤,消耗品,[ffce49]使用后可以恢复当前角色所穿戴装备的耐久度。[-]<enter>[CCAF97FF]天钧谷匠人们所使用的工具，能快速修理损坏的装备。[-],,Cailiao_Repair,Wupin,500000,,,,,,15,15,,1,,3,1,,repair_hammer,1,,,,,,,,,,,,,,,,,,,,,,,强化系统材料,17.12版本作废,
5,1,103,2,,寒雪晶,消耗品,[ffce49]装备强化时佐以此物，可增加装备强化的幸运率[-]<enter>[CCAF97FF]天池底自然凝成的寒晶，寒气透骨。若以寒晶之水浸润天钧石，则其石愈强、其水愈澈，二者可得相辅相成之功。[-],◆最多可持有99个,Baoshisuipian_Zhuyueyu,Wupin,500000,,,,,,15,15,,1,10000,1,99,99,enhance_up_item,1,,,,,,,,,,,,,,,,,,,,,,,强化系统材料,增加暴击率,
5,1,104,1,,风云录残页,消耗品,[ffce49]散落江湖的无上宝典《江湖风云录》的残页，使用后可以增加1次江湖风云录奖励次数。[-],◆最多可持有99个,Xiaohao_Fengyunlu,Wupin,47598,1,0,400000,1200000,1,13,13,,0,,3,99,99,event_times_item,1,4,,,,,0,,,,,,,,,,,,,,,,,副本系统门票,额外次数,
5,1,105,1,,逍遥令,消耗品,[ffce49]天目道长留下的信物令牌，使用后可以增加1次逍遥谷奖励次数。[-],◆最多可持有99个,Xoyo_Xiaoyaoling,Wupin,47598,1,0,300000,900000,1,13,13,,0,,3,99,99,event_times_item,1,4,,,,,0,,,,,,,,,,,,,,,,,副本系统门票,额外次数,
5,1,106,1,,镖旗,消耗品,[ffce49]振远镖局给予金牌镖师的特制镖旗，使用后可以增加1次押镖奖励次数。[-],◆最多可持有99个,Yabiao_Shuangbeiqi,Wupin,47598,1,0,100000,300000,1,13,13,,0,,3,99,99,event_times_item,1,4,,,,,0,,,,,,,,,,,,,,,,,副本系统门票,额外次数,
5,1,107,1,,悬赏令,消耗品,[ffce49]得此令者，乃行侠仗义、为民除害之高侠。使用后可以增加1次官府悬赏奖励次数。[-],◆最多可持有99个,Xiaohao_Shashouling,Wupin,47598,1,0,100000,300000,1,13,13,,0,,3,99,99,event_times_item,1,4,,,,,0,,,,,,,,,,,,,,,,,副本系统门票,额外次数,
5,1,108,1,,特制鱼钩,消耗品,[ffce49]钓叟遗落的鱼钩，若将其交还可得钓叟嘉奖。使用后可以增加1次钓鱼奖励次数。[-],◆最多可持有99个,Xiaohao_Yugou,Wupin,47598,1,0,100000,300000,1,13,13,,0,,3,99,99,event_times_item,1,4,,,,,0,,,,,,,,,,,,,,,,,副本系统门票,额外次数,
5,1,109,1,,普通·湛卢残篇,衡道书残篇,[ffce49]散落江湖的衡道书·普通湛卢残篇，使用后可以增加1次衡道书·普通湛卢的挑战次数。[-]<enter>[CCAF97FF]参加衡虚境活动有一定几率可获得[-],◆最多可持有99个,Hengdaoshu_Zhanlu,Wupin,47598,1,0,6000000,18000000,1,11,11,,0,50000,4,99,99,dungeon_attand,1,,,,,,0,,,,,,,,,,,,,,,,,副本系统门票,额外次数,
5,1,109,2,,英雄·湛卢残篇,衡道书残篇,[ffce49]散落江湖的衡道书·英雄湛卢残篇，使用后可以增加1次衡道书·英雄湛卢的挑战次数。[-]<enter>[CCAF97FF]参加衡虚境活动有一定几率可获得[-],◆最多可持有99个,Hengdaoshu_Zhanlu,Wupin,47598,1,0,8000000,24000000,1,11,11,,0,50000,5,99,99,dungeon_attand,1,,,,,,0,,,,,,,,,,,,,,,,,副本系统门票,额外次数,
5,1,110,1,,消灾符,消耗品,[ffce49]以真金白银，消牢狱之灾。每使用1枚消灾符可消除1点恶名值。[-],◆可在商城中购买,Xiaohao_Xiaozaifu,Wupin,10000,,,,,,,,,1,,2,99,,decpunish_potion,1,,,,,,,,,,,,,,,,,,,,,,,特殊属性道具,,
5,1,111,1,,花间凝,消耗品,[ffce49]由幻界采摘的奇花萃取而成。用以清除幻界的毒瘴。[-],,Diaoyu_Jingmeideyuxian,Wupin,10000,,,,,,,,,1,,3,99,,realworld_herb,1,,,,,,1,,,,,,,,,,,,,,,,,特殊属性道具,,
5,1,112,1,,辉日晶魄碎片,辉日晶魄材料,[ffce49]极其珍贵的材料碎片，欧阳冶能将辉日晶魄打造成日魂石。[-]<enter>[CCAF97FF]集齐五个后，可在背包中制作辉日晶魄，使用后触发奇遇任务，完成后获得日魂石，日魂石可在临安欧阳冶处换取神兵。[-],,Xuanjing_Cailiao01,Wupin,50000,,,,,,,,,1,,5,99,,,1,,,,,,0,,,,,1,500000000,1500000000,100000000,500000000,1500000000,100000000,1,1,30000,172800,172800,橙武材料,,
5,1,112,2,,辉日晶魄,辉日晶魄,[ffce49]极其珍贵的材料，光彩夺目，璀璨迷人，传说是女娲补天时陨落的灵石，据说欧阳冶能将完整的辉日晶魄打造成日魂石。[-]<enter>[CCAF97FF]使用后触发奇遇任务，完成后获得日魂石，日魂石可在临安城欧阳冶处兑换神兵。[-],,Xuanjing_01,Wupin,50000,,,,,,,,,1,,5,99,,RepeatTaskItem,1,501,,,,,0,,,,,,,,,,,,,,,,,橙武,,
5,1,113,1,,埋骨之窟残篇,消耗品,[ffce49]散落江湖的埋骨之窟残篇，使用后可以增加1次埋骨之窟的挑战次数。[-]<enter>[CCAF97FF]参加衡虚境活动有一定几率可获得[-],◆最多可持有99个,Xiaohao_Maiguzhiku,Wupin,47598,1,0,1500000,4500000,1,11,11,,0,50000,4,99,99,grave_item,1,,,,,,0,,,,,,,,,,,,,,,,,副本系统门票,额外次数,
5,1,114,1,,铸魂石,消耗品,[ffce49]装备重铸的必备材料[-]<enter>[CCAF97FF]钟山之巅，灵石生焉。其中有一奇石名曰铸魂石，有蕴化天地之力。以此石铸化装备，可令装备脱凡俗、生奇效。[-],◆最多可持有99个,Cailiao_Zhuhunshi_Tongyong,Wupin,10000,1,0,,,,15,15,,0,1000,4,99,99,,1,,,,,,,,,,,,,,,,,,,,,,,特殊属性道具,装备,
5,1,115,1,,伪装道具,吃鸡道具,[ffce49]用于吃鸡伪装[-],,Cailiao_Enhance01,Wupin,20000,,,,,,31,31,,0,500,3,5,,call_npc_item,1,,,,,,,,,,,,,,,,,,,,,,,吃鸡道具,伪装道具,
5,1,115,2,,陷阱道具,吃鸡道具,[ffce49]用于吃鸡陷阱[-],,Cailiao_Enhance01,Wupin,20000,,,,,,31,31,,0,500,3,5,,call_npc_item,1,,,,,,,,,,,,,,,,,,,,,,,吃鸡道具,陷阱道具,
5,1,115,3,,陷阱道具,吃鸡道具,[ffce49]用于吃鸡陷阱[-],,Cailiao_Enhance01,Wupin,20000,,,,,,31,31,,0,500,3,5,,call_npc_item,1,,,,,,,,,,,,,,,,,,,,,,,吃鸡道具,陷阱道具,
5,1,115,4,,陷阱道具,吃鸡道具,[ffce49]用于吃鸡陷阱[-],,Cailiao_Enhance01,Wupin,20000,,,,,,31,31,,0,500,3,5,,call_npc_item,1,,,,,,,,,,,,,,,,,,,,,,,吃鸡道具,陷阱道具,
5,1,116,1,,跑商卷,消耗品,[ffce49]参加逐鹿金滩活动可获得，可在逐鹿金滩活动地图里的商人处购买跑商商品。[-],◆最多可持有99个,Huobi_Paoshangquan1,Wupin,47598,,,,,,13,13,,1,100,3,99,,,1,,,,,,0,,,,,,,,,,,,,,,,,跑商道具,代币道具,
5,1,117,1,,游侠令,消耗品,[ffce49]使用后重置游历进度，继续获取相应游历值后可再次开启宝箱[-]<enter>[CCAF97FF]燕赵游侠客，江湖一杯酒。但求今朝醉，管它明日愁。[-],◆最多可持有5个,Xiaohao_Youxialing,Wupin,47598,,,,,,,,,1,100,4,5,5,traveltask_reset,1,,,,,,0,,,,,,,,,,,,,,,,,游历道具,额外次数,
5,1,118,1,,行商秘典,消耗品,[ffce49]使用后重置银两商店内可购买的道具数量并可随机刷新出额外的材料[-]<enter>[CCAF97FF]传闻此书讲述了唐代巨富裴明礼的行商秘诀，被许多商人视为珍宝。[-],◆最多可持有5个,Xiaohao_Xingshang,Wupin,47598,,,,,,,,,1,500,4,5,5,moneyshop_reset,1,30,,,,,0,,,,,,,,,,,,,,,,,银两商店重置道具,重置道具,
5,1,201,1,,尊享卡,消耗品,[ffce49]使用后可获得尊享卡[-],◆最多可持有99个,Xiaohao_Vip,Wupin,47598,,,,,,,,,1,,5,99,99,vip_cards,1,2,,,,,1,,,,,,,,,,,,,,,,,GM发放道具,,月卡
5,1,201,2,,畅享卡,消耗品,[ffce49]使用后可获得畅享卡[-],◆最多可持有99个,Xiaohao_Vip,Wupin,47598,,,,,,,,,1,,5,99,99,vip_cards,1,1,,,,,1,,,,,,,,,,,,,,,,,GM发放道具,,周卡
5,1,201,3,,成长大礼,消耗品,[ffce49]使用后可获得成长大礼[-]<enter>[CCAF97FF]大侠可在福利界面领取成长大礼。[-],◆最多可持有1个,Xiaohao_Vip,Wupin,47598,,,,,,,,,1,,5,1,1,call_func,1,1,,,,,1,,,,,,,,,,,,,,,,,GM发放道具,,成长礼包
5,1,301,1,,至圣书,师徒重置,[ffce49]已为人师者，使用后可重新成为徒弟。[-]<enter>[CCAF97FF]后人编纂的至圣先师孔子的论著。[-],◆商店购买,Tanbao_Guzhujian,Wupin,14309,,,,,,10,10,,1,100,3,1,,SchoolResetItem,1,,,,,,0,,,,,,,,,,,,,,,,,探宝系统材料,剑1,
