G,D,P,L,Category,Name,Type,Desc,Desc2,Icon,WorthValue,DropMaleId,DropFemaleId,UseLevel,Bind,Sell,Quality,MaxStack,MaxOwnCount,LuaClass,ShowBagEffect,ExtParam1,ExtParam2,ExtParam3,ExtParam4,ExtParam5,ExtParam6,ExtParam7,ExtParam8,ShortUseFlag,ExtParam10,IconAtlas,CoinType,BasePrice,BuyoutPrice,AddPrice,BasePriceWorld,BuyoutPriceWorld,AddPriceWorld,MaxAuctionCount,MaxAuctionCacheCount,AuctionDuration,AuctionCooldownTime,MBI_Type,comment,extraField
消耗类都填5,,,,,道具名称,道具种类,道具描述,道具获取途径，17字以内,道具图标,,男掉落表现,女掉落表现,角色等级,不绑定0；绑定1,是否可卖店,品质,叠加上限,背包最大持有数,,获得道具时背包是否要特效提示,,,,,,,,,是否弹出自动使用(1自动使用),,,限时竞拍货币类型,限时竞拍初始价,限时竞拍一口价,限时竞拍加价,竞拍世界初始价,竞拍世界一口价,竞拍世界加价,竞拍最大数量,世界竞拍上架队列最大值,世界竞拍上架持续时间,世界竞拍上架冷却,运营识别类型,注释,描述道具的额外字段
5,6,1,1,,阳关三叠发展史,奇遇赠予,[ffce49]记载天王帮前辈创造绝技的背后故事，只有帮内弟子才能参透其中奥义。[-],最多可持有10个,Tianwang_Yangguansandiefazhanshi,31491,1,1,,1,,1,99999,10,RandomGift,1,,,,,,,,,0,,Wupin,,,,,,,,,,,,奇遇系统道具,,
5,6,1,2,,模糊不清的书籍,奇遇赠予,[ffce49]字迹模糊不清，似乎是古旧语法描述的一段故事，不知所云。[-],最多可持有10个,Tianwang_Yangguansandiefazhanshi,31491,1,1,,1,,1,99999,10,RandomGift,1,,,,,,,,,0,,Wupin,,,,,,,,,,,,奇遇系统道具,,
5,6,2,1,,青螺岛往事,奇遇赠予,[ffce49]记载着天王帮开创的传奇故事，还有当年在青螺岛的不为人知的血雨腥风，只有帮内弟子才能看出其中真意。[-],最多可持有10个,Tianwang_Qingluodaowangshi,31491,1,1,,1,,2,99999,10,RandomGift,1,,,,,,,,,0,,Wupin,,,,,,,,,,,,奇遇系统道具,,1
5,6,2,2,,青螺岛往事,奇遇赠予,[ffce49]流水账一样的小册子，上书【青螺岛往事】。[-],最多可持有10个,Tianwang_Qingluodaowangshi,31491,1,1,,1,,2,99999,10,RandomGift,1,,,,,,,,,0,,Wupin,,,,,,,,,,,,奇遇系统道具,,2
5,6,3,1,,杨瑛的手帕,奇遇赠予,[ffce49]交给天王掌门杨瑛。[-]<enter>[CCAF97FF]绣着青螺纹样的淡黄绢帕，上次似乎瞥见掌门身上佩戴着？[-],最多可持有10个,Tianwang_Yangyingdeshoupa,31491,1,1,,1,,3,99999,10,RandomGift,1,,,,,,,,,0,,Wupin,,,,,,,,,,,,奇遇系统道具,,
5,6,3,2,,一块精致的手帕,奇遇赠予,[ffce49]绣着青螺纹样的淡黄绢帕，看上去并没有什么特别。[-],最多可持有10个,Tianwang_Yangyingdeshoupa,31491,1,1,,1,,3,99999,10,RandomGift,1,,,,,,,,,0,,Wupin,,,,,,,,,,,,奇遇系统道具,,
5,6,4,1,,精致的机关,奇遇赠予,[ffce49]唐门秘传的机关，千年来用于在门派中人间传递机密物件，外人无法破解。[-],最多可持有10个,Tangmen_Shenmijiguan,31491,1,1,,1,,1,99999,10,RandomGift,1,,,,,,,,,0,,Wupin,,,,,,,,,,,,奇遇系统道具,,
5,6,4,2,,繁杂的机关,奇遇赠予,[ffce49]异常复杂的机械机关，看起来像是某种盒子，不知怎么打开。[-],最多可持有10个,Tangmen_Shenmijiguan,31491,1,1,,1,,1,99999,10,RandomGift,1,,,,,,,,,0,,Wupin,,,,,,,,,,,,奇遇系统道具,,
5,6,5,1,,唐门往事,奇遇赠予,[ffce49]记载着唐门顶峰时期大战三大门派的往事，其中的武学奥义只有唐门中人才能体悟。[-],最多可持有10个,Tangmen_Tangmenwangshi,31491,1,1,,1,,2,99999,10,RandomGift,1,,,,,,,,,0,,Wupin,,,,,,,,,,,,奇遇系统道具,,
5,6,5,2,,泛黄的书籍,奇遇赠予,[ffce49]小说一样的小册子，里面记述了几十年前的一场大战。[-],最多可持有10个,Tangmen_Tangmenwangshi,31491,1,1,,1,,2,99999,10,RandomGift,1,,,,,,,,,0,,Wupin,,,,,,,,,,,,奇遇系统道具,,
5,6,6,1,,唐晓的玩偶,奇遇赠予,[ffce49]交给唐门掌门唐晓。[-]<enter>[CCAF97FF]乍一看普通的木偶，实则是唐门当家唐晓精心设计的机甲，可以随主人意愿行动。[-],最多可持有10个,Tangmen_Tangxiaodewanou,31491,1,1,,1,,3,99999,10,RandomGift,1,,,,,,,,,0,,Wupin,,,,,,,,,,,,奇遇系统道具,,
5,6,6,2,,奇怪的玩偶,奇遇赠予,[ffce49]略显古怪的木质玩偶，没什么特殊的。[-],最多可持有10个,Tangmen_Tangxiaodewanou,31491,1,1,,1,,3,99999,10,RandomGift,1,,,,,,,,,0,,Wupin,,,,,,,,,,,,奇遇系统道具,,
5,6,7,1,,剑之魂,奇遇赠予,[ffce49]百年前武当掌门所用宝剑的残片，内中蕴含的灵气与武当内功共鸣，可以增强功力。[-],最多可持有10个,Wudang_Jianzhihun,31491,1,1,,1,,1,99999,10,RandomGift,1,,,,,,,,,0,,Wupin,,,,,,,,,,,,奇遇系统道具,,
5,6,7,2,,破剑,奇遇赠予,[ffce49]破铁片，看起来是刀剑的碎片。[-],最多可持有10个,Wudang_Jianzhihun,31491,1,1,,1,,1,99999,10,RandomGift,1,,,,,,,,,0,,Wupin,,,,,,,,,,,,奇遇系统道具,,
5,6,8,1,,武当往事,奇遇赠予,[ffce49]记载着武当开山创派时大战西域高手的往事，其中记载的招式只有武当门人才能体悟。[-],最多可持有10个,Wudang_Wudangwangshi,31491,1,1,,1,,2,99999,10,RandomGift,1,,,,,,,,,0,,Wupin,,,,,,,,,,,,奇遇系统道具,,
5,6,8,2,,泛黄的书籍,奇遇赠予,[ffce49]史书一样的小册子，里面记述了百多年前的一场大战。[-],最多可持有10个,Wudang_Wudangwangshi,31491,1,1,,1,,2,99999,10,RandomGift,1,,,,,,,,,0,,Wupin,,,,,,,,,,,,奇遇系统道具,,
5,6,9,1,,可心的木剑,奇遇赠予,[ffce49]交给武当可心。[-]<enter>[CCAF97FF]古桐木剑，为武当派可心贴身之物，灵蕴轻韧，细看可以发现柄上刻着可心二字。[-],最多可持有10个,Wudang_Kexindemujian,31491,1,1,,1,,3,99999,10,RandomGift,1,,,,,,,,,0,,Wupin,,,,,,,,,,,,奇遇系统道具,,
5,6,9,2,,残旧的木剑,奇遇赠予,[ffce49]普通的木剑，好像木材很名贵。[-],最多可持有10个,Wudang_Kexindemujian,31491,1,1,,1,,3,99999,10,RandomGift,1,,,,,,,,,0,,Wupin,,,,,,,,,,,,奇遇系统道具,,
5,6,10,1,,天音镇魂曲谱,奇遇赠予,[ffce49]峨眉秘谱天音镇魂曲的曲谱，峨眉派弟子方能运用。[-],最多可持有10个,Emei_Tianyinzhenhunqupu,31491,1,1,,1,,1,99999,10,RandomGift,1,,,,,,,,,0,,Wupin,,,,,,,,,,,,奇遇系统道具,,
5,6,10,2,,一本曲谱,奇遇赠予,[ffce49]一本曲谱，看不出是怎样的曲子。[-],最多可持有10个,Emei_Tianyinzhenhunqupu,31491,1,1,,1,,1,99999,10,RandomGift,1,,,,,,,,,0,,Wupin,,,,,,,,,,,,奇遇系统道具,,
5,6,11,1,,峨眉往事,奇遇赠予,[ffce49]记载着峨眉山内八十一仙人的故事，其中幻化出的八十一章仙曲只有峨眉弟子才能领悟。[-],最多可持有10个,Emei_Emeiwangshi,31491,1,1,,1,,2,99999,10,RandomGift,1,,,,,,,,,0,,Wupin,,,,,,,,,,,,奇遇系统道具,,
5,6,11,2,,风尘书籍,奇遇赠予,[ffce49]残破的小册子，里面记述了一个神话故事。[-],最多可持有10个,Emei_Emeiwangshi,31491,1,1,,1,,2,99999,10,RandomGift,1,,,,,,,,,0,,Wupin,,,,,,,,,,,,奇遇系统道具,,
5,6,12,1,,无想师太的发钗,奇遇赠予,[ffce49]别派之人绝难想象，无想师太竟会有如此美艳的发钗，不时默默把玩，想必藏着她年轻时的故事。[-][CCAF97FF]交给峨眉掌门无想师太。[-],最多可持有10个,Emei_Wuxiangshitaidefachai,31491,1,1,,1,,3,99999,10,RandomGift,1,,,,,,,,,0,,Wupin,,,,,,,,,,,,奇遇系统道具,,
5,6,12,2,,精致的发钗,奇遇赠予,[ffce49]一枚精致绝伦的发钗，只是有点旧，大概值些钱。[-],最多可持有10个,Emei_Wuxiangshitaidefachai,31491,1,1,,1,,3,99999,10,RandomGift,1,,,,,,,,,0,,Wupin,,,,,,,,,,,,奇遇系统道具,,
5,6,13,1,,真火火源,奇遇赠予,[ffce49]天忍腹地火山的真火火源，对于天忍中人是修习内功不可多得的宝物。[-],最多可持有10个,Tianren_Zhenhuohuoyuan,31491,1,1,,1,,1,99999,10,RandomGift,1,,,,,,,,,0,,Wupin,,,,,,,,,,,,奇遇系统道具,,
5,6,13,2,,无法操控的火焰,奇遇赠予,[ffce49]一团如有形质的火焰，可以捧在手里。[-],最多可持有10个,Tianren_Zhenhuohuoyuan,31491,1,1,,1,,1,99999,10,RandomGift,1,,,,,,,,,0,,Wupin,,,,,,,,,,,,奇遇系统道具,,
5,6,14,1,,天忍往事,奇遇赠予,[ffce49]记载天忍曾经执行过的秘密的训练计划，只有天忍教弟子才能解读字里行间的秘密。[-],最多可持有10个,Tianren_Tianrenwangshi,31491,1,1,,1,,2,99999,10,RandomGift,1,,,,,,,,,0,,Wupin,,,,,,,,,,,,奇遇系统道具,,
5,6,14,2,,风尘书籍,奇遇赠予,[ffce49]残破的小册子，里面写的都是金文。[-],最多可持有10个,Tianren_Tianrenwangshi,31491,1,1,,1,,2,99999,10,RandomGift,1,,,,,,,,,0,,Wupin,,,,,,,,,,,,奇遇系统道具,,
5,6,15,1,,殷童的发带,奇遇赠予,[ffce49]交给天忍殷童。[-]<enter>[CCAF97FF]天忍教无人不知，教主送给殷童的发带，不知她丢了这物件，正在发多大的火呢。[-],最多可持有10个,Tianren_Yintongdefadai,31491,1,1,,1,,3,99999,10,RandomGift,1,,,,,,,,,0,,Wupin,,,,,,,,,,,,奇遇系统道具,,
5,6,15,2,,一根发带,奇遇赠予,[ffce49]一根红色的发带，散发着清香。[-],最多可持有10个,Tianren_Yintongdefadai,31491,1,1,,1,,3,99999,10,RandomGift,1,,,,,,,,,0,,Wupin,,,,,,,,,,,,奇遇系统道具,,
5,6,16,1,,精致的鱼竿,奇遇赠予,[ffce49]看似普通，实则设计精妙的鱼竿，熟稔钓技之人才能运用。[-],最多可持有10个,Diaoyu_Jingzhideyugan,31491,1,1,,1,,1,99999,10,RandomGift,1,,,,,,,,,0,,Wupin,,,,,,,,,,,,奇遇系统道具,,
5,6,16,2,,一根鱼竿,奇遇赠予,[ffce49]普通的鱼竿，并不怎么好用。[-],最多可持有10个,Diaoyu_Jingzhideyugan,31491,1,1,,1,,1,99999,10,RandomGift,1,,,,,,,,,0,,Wupin,,,,,,,,,,,,奇遇系统道具,,
5,6,17,1,,精致的罗盘,奇遇赠予,[ffce49]看似普通，实则设计精妙的罗盘，熟稔摸金之人才能运用。[-],最多可持有10个,Tanbao_Jingzhideluopan,31491,1,1,,1,,1,99999,10,RandomGift,1,,,,,,,,,0,,Wupin,,,,,,,,,,,,奇遇系统道具,,
5,6,17,2,,神秘的罗盘,奇遇赠予,[ffce49]神秘的装置，不知道怎么用。[-],最多可持有10个,Tanbao_Jingzhideluopan,31491,1,1,,1,,1,99999,10,RandomGift,1,,,,,,,,,0,,Wupin,,,,,,,,,,,,奇遇系统道具,,
5,6,18,1,,黑色面罩,奇遇赠予,[ffce49]看似普通，实则能隐藏煞气的面罩，熟稔游侠之道的人才能运用。[-],最多可持有10个,Shashou_Heisemianzhao,31491,1,1,,1,,1,99999,10,RandomGift,1,,,,,,,,,0,,Wupin,,,,,,,,,,,,奇遇系统道具,,
5,6,18,2,,一块面罩,奇遇赠予,[ffce49]一副黑色的面罩，戴起来很丑。[-],最多可持有10个,Shashou_Heisemianzhao,31491,1,1,,1,,1,99999,10,RandomGift,1,,,,,,,,,0,,Wupin,,,,,,,,,,,,奇遇系统道具,,
5,6,19,1,,镇远镖局神秘告示,奇遇赠予,[ffce49]看似普通，实则暗藏玄机的告示，熟稔运镖事宜之人才能看懂。[-],最多可持有10个,Yabiao_Zhenyuanbiaojushenmigaoshi,31491,1,1,,1,,1,99999,10,RandomGift,1,,,,,,,,,0,,Wupin,,,,,,,,,,,,奇遇系统道具,,
5,6,19,2,,一张告示,奇遇赠予,[ffce49]一张故弄玄虚的告示，落款是镇远镖局。[-],最多可持有10个,Yabiao_Zhenyuanbiaojushenmigaoshi,31491,1,1,,1,,1,99999,10,RandomGift,1,,,,,,,,,0,,Wupin,,,,,,,,,,,,奇遇系统道具,,
5,6,20,1,,精美的鱼线,奇遇赠予,[ffce49]异常坚韧的钓线，千金之重也不会拉断，熟稔钓技之人才能运用。[-],最多可持有10个,Diaoyu_Jingmeideyuxian,31491,1,1,,1,,2,99999,10,RandomGift,1,,,,,,,,,0,,Wupin,,,,,,,,,,,,奇遇系统道具,,
5,6,20,2,,鱼线,奇遇赠予,[ffce49]一根坚韧的细线，貌似是钓鱼所用。[-],最多可持有10个,Diaoyu_Jingmeideyuxian,31491,1,1,,1,,2,99999,10,RandomGift,1,,,,,,,,,0,,Wupin,,,,,,,,,,,,奇遇系统道具,,
5,6,21,1,,摸金专精手册,奇遇赠予,[ffce49]摸金之道高阶手册，口诀、要领一应俱全，熟稔摸金之人才能运用。[-],最多可持有10个,Tanbao_Mojinzhuanjingshouce,31491,1,1,,1,,2,99999,10,RandomGift,1,,,,,,,,,0,,Wupin,,,,,,,,,,,,奇遇系统道具,,
5,6,21,2,,一本说明书,奇遇赠予,[ffce49]一本不知道在说些什么的说明书。[-],最多可持有10个,Tanbao_Mojinzhuanjingshouce,31491,1,1,,1,,2,99999,10,RandomGift,1,,,,,,,,,0,,Wupin,,,,,,,,,,,,奇遇系统道具,,
5,6,22,1,,精美的暗器,奇遇赠予,[ffce49]看起来像是首饰，实际是杀人于无形的暗器，熟稔游侠之道的人才能运用。[-],最多可持有10个,Shashou_Jingmeideanqi,31491,1,1,,1,,2,99999,10,RandomGift,1,,,,,,,,,0,,Wupin,,,,,,,,,,,,奇遇系统道具,,
5,6,22,2,,奇怪的武器,奇遇赠予,[ffce49]像是武器，又像是首饰，十分奇怪。[-],最多可持有10个,Shashou_Jingmeideanqi,31491,1,1,,1,,2,99999,10,RandomGift,1,,,,,,,,,0,,Wupin,,,,,,,,,,,,奇遇系统道具,,
5,6,23,1,,一杆镖旗,奇遇赠予,[ffce49]镖队用于立威的旗帜，对普通人来说没有用，熟稔运镖事宜之人才有用处。[-],最多可持有10个,Yabiao_Yiganbiaoqi,31491,1,1,,1,,2,99999,10,RandomGift,1,,,,,,,,,0,,Wupin,,,,,,,,,,,,奇遇系统道具,,
5,6,23,2,,一杆大旗,奇遇赠予,[ffce49]一杆大旗，一个人很难撑起。[-],最多可持有10个,Yabiao_Yiganbiaoqi,31491,1,1,,1,,2,99999,10,RandomGift,1,,,,,,,,,0,,Wupin,,,,,,,,,,,,奇遇系统道具,,
5,6,24,1,,绝世钓客的传说,奇遇赠予,[ffce49]记载太公钓派创始人姜子牙的钓客生涯，熟稔钓技之人才能读懂其中奥妙。[-],最多可持有10个,Diaoyu_Jueshidiaokedechuanshuo,31491,1,1,,1,,3,99999,10,RandomGift,1,,,,,,,,,0,,Wupin,,,,,,,,,,,,奇遇系统道具,,
5,6,24,2,,风尘的书籍,奇遇赠予,[ffce49]一本讲述姜子牙生平的古书。[-],最多可持有10个,Diaoyu_Jueshidiaokedechuanshuo,31491,1,1,,1,,3,99999,10,RandomGift,1,,,,,,,,,0,,Wupin,,,,,,,,,,,,奇遇系统道具,,
5,6,25,1,,黑驴蹄子,奇遇赠予,[ffce49]摸金一门必备，驱逐污秽的黑驴蹄子，熟稔摸金之人才能运用。[-],最多可持有10个,Tanbao_Heilvtizi,31491,1,1,,1,,3,99999,10,RandomGift,1,,,,,,,,,0,,Wupin,,,,,,,,,,,,奇遇系统道具,,
5,6,25,2,,奇怪的蹄子,奇遇赠予,[ffce49]已经僵化发黑的动物蹄子，散发臭气。[-],最多可持有10个,Tanbao_Heilvtizi,31491,1,1,,1,,3,99999,10,RandomGift,1,,,,,,,,,0,,Wupin,,,,,,,,,,,,奇遇系统道具,,
5,6,26,1,,飞镖暗器,奇遇赠予,[ffce49]极其复杂的暗器，熟稔游侠之道的人才能运用。[-],最多可持有10个,Shashou_Feibiaoanqi,31491,1,1,,1,,3,99999,10,RandomGift,1,,,,,,,,,0,,Wupin,,,,,,,,,,,,奇遇系统道具,,
5,6,26,2,,神秘的武器,奇遇赠予,[ffce49]极其复杂的武器，不知如何运用。[-],最多可持有10个,Shashou_Feibiaoanqi,31491,1,1,,1,,3,99999,10,RandomGift,1,,,,,,,,,0,,Wupin,,,,,,,,,,,,奇遇系统道具,,
5,6,27,1,,镇远镖局玉牌,奇遇赠予,[ffce49]镇远镖局的秘密玉牌，熟稔运镖事宜之人才能看懂。[-],最多可持有10个,Yabiao_Zhengyuanbiaojudeyupai,31491,1,1,,1,,3,99999,10,RandomGift,1,,,,,,,,,0,,Wupin,,,,,,,,,,,,奇遇系统道具,,
5,6,27,2,,一块腰牌,奇遇赠予,[ffce49]一块故弄玄虚的腰牌，上书“镇”字。[-],最多可持有10个,Yabiao_Zhengyuanbiaojudeyupai,31491,1,1,,1,,3,99999,10,RandomGift,1,,,,,,,,,0,,Wupin,,,,,,,,,,,,奇遇系统道具,,
5,6,28,1,,祈愿符,祈愿道具,[ffce49]神秘的祈愿符，有缘之人方可获得，集齐100个后可指定轻舟师父收入门下的小弟子性别，每日最多可获得30个。[-],萌动江湖界面，点击界面道具图标可获得祈愿符方位。,Xiaohao_Qiyuanfu,31491,1,1,,1,,3,100,100,,1,,,,,,,,,0,,Wupin,,,,,,,,,,,,祈福系统道具,,
