G,D,P,L,Category,Name,Type,Desc,Desc2,Icon,IconAtlas,Score,WorthValue,CanTrade,TradeBind,MinTradePrice,MaxTradePrice,PutonCount,DropMaleId,DropFemaleId,UseLevel,Bind,Sell,Quality,MaxStack,MaxOwnCount,LuaClass,ShowBagEffect,ExtParam1,ExtParam2,ExtParam3,ExtParam4,ExtParam5,ExtParam6,ExtParam7,ExtParam8,ExtParam9,ShortUseFlag,ExtParam10,AwardRate1,CoinType,BasePrice,BuyoutPrice,AddPrice,BasePriceWorld,BuyoutPriceWorld,AddPriceWorld,WorldShopPerSellLimit,MaxAuctionCount,MaxAuctionCacheCount,AuctionDuration,AuctionCooldownTime,MBI_Type,comment,extraField
消耗类都填5,,,,,道具名称,道具种类,道具描述,道具获取途径，17字以内,道具图标,,,,,,交易最低价,交易最高价,交易行上架数量,男掉落表现,女掉落表现,角色等级,不绑定0；绑定1,是否可卖店,品质,叠加上限,背包最大持有数,,获得道具时背包是否要特效提示,,,,,,,,,,是否弹出自动使用(1自动使用),,,限时竞拍货币类型,限时竞拍初始价,限时竞拍一口价,限时竞拍加价,竞拍世界初始价,竞拍世界一口价,竞拍世界加价,世界竞拍每次上架数量,世界竞拍最大数量,世界竞拍上架队列最大值,世界竞拍上架持续时间,世界竞拍上架冷却,运营识别类型,注释,描述道具的额外字段
5,27,1,1,0,素铁履,未鉴定装备,[ffce49]未鉴定的[-][238154FF]优秀的[-][ffce49]30等级天王鞋子[-]<enter>[CCAF97FF]基本上毫无作用。[-],◆最多可持有1000个,Equip_Tw_Shoes01_01,Equip_Tw,30,74117,1,0,10000,30000,5,27,27,1,0,18,1,1000,1000,UnidentifiedEquip,1,1,1,,,,,,,,1,,100,1,10000,30000,10000,10000,60000,10000,2,2,30000,28800,,未鉴定装备,30品优秀,天王鞋子
5,27,1,2,0,素铁履,未鉴定装备,[ffce49]未鉴定的[-][3376FFFF]精良的[-][ffce49]30等级天王鞋子[-]<enter>[CCAF97FF]边角处有些破损。[-],◆最多可持有1000个,Equip_Tw_Shoes01_01,Equip_Tw,30,98823,1,0,10000,30000,5,27,27,1,0,24,2,1000,1000,UnidentifiedEquip,1,1,1,,,,,,,,1,,100,1,10000,30000,10000,10000,60000,10000,2,2,30000,28800,,未鉴定装备,30品精良,天王鞋子
5,27,1,3,0,素铁履,未鉴定装备,[ffce49]未鉴定的[-][923DF1FF]稀有的[-][ffce49]30等级天王鞋子[-]<enter>[CCAF97FF]整体上十分简陋。[-],◆最多可持有1000个,Equip_Tw_Shoes01_01,Equip_Tw,30,123529,1,0,10000,30000,5,27,27,1,0,30,3,1000,1000,UnidentifiedEquip,1,1,1,,,,,,,,1,,100,1,50000,150000,10000,50000,300000,10000,2,2,30000,28800,,未鉴定装备,30品稀有,天王鞋子
5,27,1,4,0,素铁履,未鉴定装备,[ffce49]未鉴定的[-][C75224FF]卓越的[-][ffce49]30等级天王鞋子[-]<enter>[CCAF97FF]看上去平淡无奇。[-],◆最多可持有1000个,Equip_Tw_Shoes01_01,Equip_Tw,30,148235,1,0,10000,30000,2,27,27,1,0,36,4,1000,1000,UnidentifiedEquip,1,1,1,,,,,,,,1,,100,1,200000,600000,40000,200000,1200000,40000,2,2,30000,28800,,未鉴定装备,30品卓越,天王鞋子
5,27,1,5,0,素铁履,未鉴定装备,[ffce49]未鉴定的[-][F09E0FFF]传说的[-][ffce49]30等级天王鞋子[-]<enter>[CCAF97FF]摸起来做工精细。[-],◆最多可持有1000个,Equip_Tw_Shoes01_01,Equip_Tw,30,185294,1,0,10000,30000,1,27,27,1,0,45,5,1000,1000,UnidentifiedEquip,1,1,1,,,,,,,,1,,100,1,800000,2400000,160000,800000,4800000,160000,2,2,30000,28800,,未鉴定装备,30品传说,天王鞋子
5,27,1,6,0,黑铁履,未鉴定装备,[ffce49]未鉴定的[-][238154FF]优秀的[-][ffce49]45等级天王鞋子[-]<enter>[CCAF97FF]虽然有点破，但仍旧很耐用。[-],◆最多可持有1000个,Equip_Tw_Shoes02_01,Equip_Tw,45,111176,0,0,,,,27,27,20,0,360,1,1000,1000,UnidentifiedEquip,1,1,2,,,,,,,,,,100,,,,,,,,,,,,,未鉴定装备,45品优秀,天王鞋子
5,27,1,7,0,黑铁履,未鉴定装备,[ffce49]未鉴定的[-][3376FFFF]精良的[-][ffce49]45等级天王鞋子[-]<enter>[CCAF97FF]样子虽平常，但质量很不错。[-],◆最多可持有1000个,Equip_Tw_Shoes02_01,Equip_Tw,45,148235,0,0,,,,27,27,20,0,480,2,1000,1000,UnidentifiedEquip,1,1,2,,,,,,,,,,100,,,,,,,,,,,,,未鉴定装备,45品精良,天王鞋子
5,27,1,8,0,黑铁履,未鉴定装备,[ffce49]未鉴定的[-][923DF1FF]稀有的[-][ffce49]45等级天王鞋子[-]<enter>[CCAF97FF]材质数上乘，但做工略粗糙。[-],◆最多可持有1000个,Equip_Tw_Shoes02_01,Equip_Tw,45,185294,0,0,,,,27,27,20,0,600,3,1000,1000,UnidentifiedEquip,1,1,2,,,,,,,,,,100,,,,,,,,,,,,,未鉴定装备,45品稀有,天王鞋子
5,27,1,9,0,黑铁履,未鉴定装备,[ffce49]未鉴定的[-][C75224FF]卓越的[-][ffce49]45等级天王鞋子[-]<enter>[CCAF97FF]少有的宝物，但存在小瑕疵。[-],◆最多可持有1000个,Equip_Tw_Shoes02_01,Equip_Tw,45,222352,0,0,,,,27,27,20,0,720,4,1000,1000,UnidentifiedEquip,1,1,2,,,,,,,,,,100,,,,,,,,,,,,,未鉴定装备,45品卓越,天王鞋子
5,27,1,10,0,黑铁履,未鉴定装备,[ffce49]未鉴定的[-][F09E0FFF]传说的[-][ffce49]45等级天王鞋子[-]<enter>[CCAF97FF]罕见的珍品，但光泽已暗淡。[-],◆最多可持有1000个,Equip_Tw_Shoes02_01,Equip_Tw,45,277941,0,0,,,,27,27,20,0,900,5,1000,1000,UnidentifiedEquip,1,1,2,,,,,,,,,,100,,,,,,,,,,,,,未鉴定装备,45品传说,天王鞋子
5,27,1,11,0,金刚履,未鉴定装备,[ffce49]未鉴定的[-][238154FF]优秀的[-][ffce49]50等级天王鞋子[-]<enter>[CCAF97FF]侠士常带身边的物件。[-],◆最多可持有1000个,Equip_Tw_Shoes03_01,Equip_Tw,50,123529,1,0,50000,150000,5,27,27,40,0,600,1,1000,1000,UnidentifiedEquip,1,1,3,,,,,,,,,,100,1,20000,60000,10000,20000,120000,10000,2,2,30000,28800,,未鉴定装备,50品优秀,天王鞋子
5,27,1,12,0,金刚履,未鉴定装备,[ffce49]未鉴定的[-][3376FFFF]精良的[-][ffce49]50等级天王鞋子[-]<enter>[CCAF97FF]当铺内高价才能购得。[-],◆最多可持有1000个,Equip_Tw_Shoes03_01,Equip_Tw,50,164705,1,0,50000,150000,5,27,27,40,0,800,2,1000,1000,UnidentifiedEquip,1,1,3,,,,,,,,,,100,1,60000,180000,10000,60000,360000,10000,2,2,30000,28800,,未鉴定装备,50品精良,天王鞋子
5,27,1,13,0,金刚履,未鉴定装备,[ffce49]未鉴定的[-][923DF1FF]稀有的[-][ffce49]50等级天王鞋子[-]<enter>[CCAF97FF]巧手工匠制造的良品。[-],◆最多可持有1000个,Equip_Tw_Shoes03_01,Equip_Tw,50,205882,1,0,100000,300000,5,27,27,40,0,1000,3,1000,1000,UnidentifiedEquip,1,1,3,,,,,,,,,,100,1,250000,750000,50000,250000,1500000,50000,2,2,30000,28800,,未鉴定装备,50品稀有,天王鞋子
5,27,1,14,0,金刚履,未鉴定装备,[ffce49]未鉴定的[-][C75224FF]卓越的[-][ffce49]50等级天王鞋子[-]<enter>[CCAF97FF]显赫家族祖传的法宝。[-],◆最多可持有1000个,Equip_Tw_Shoes03_01,Equip_Tw,50,247058,1,0,200000,600000,5,27,27,40,0,1200,4,1000,1000,UnidentifiedEquip,1,1,3,,,,,,,,,,100,1,1000000,3000000,200000,1000000,6000000,200000,2,2,30000,28800,,未鉴定装备,50品卓越,天王鞋子
5,27,1,15,0,金刚履,未鉴定装备,[ffce49]未鉴定的[-][F09E0FFF]传说的[-][ffce49]50等级天王鞋子[-]<enter>[CCAF97FF]为王侯们特制的贡品。[-],◆最多可持有1000个,Equip_Tw_Shoes03_01,Equip_Tw,50,308823,1,0,250000,750000,5,27,27,40,0,1500,5,1000,1000,UnidentifiedEquip,1,1,3,,,,,,,,,,100,1,4000000,12000000,800000,4000000,24000000,800000,2,2,30000,28800,,未鉴定装备,50品传说,天王鞋子
5,27,1,16,0,风雪靴,未鉴定装备,[ffce49]未鉴定的[-][238154FF]优秀的[-][ffce49]75等级天王鞋子[-]<enter>[CCAF97FF]精巧入微，上等的材质配上精工艺。[-],◆最多可持有1000个,Equip_Tw_Shoes04_01,Equip_Tw,75,185294,1,0,300000,900000,5,27,27,40,0,840,1,1000,1000,UnidentifiedEquip,1,1,4,,,,,,,,,,100,1,510000,1530000,100000,510000,3060000,100000,2,2,30000,28800,,未鉴定装备,75品优秀,天王鞋子
5,27,1,17,0,风雪靴,未鉴定装备,[ffce49]未鉴定的[-][3376FFFF]精良的[-][ffce49]75等级天王鞋子[-]<enter>[CCAF97FF]惊艳异常，华美的外表难掩英雄气。[-],◆最多可持有1000个,Equip_Tw_Shoes04_01,Equip_Tw,75,247058,1,0,1000000,3000000,5,27,27,40,0,1120,2,1000,1000,UnidentifiedEquip,1,1,4,,,,,,,,,,100,1,1280000,3840000,250000,1280000,7680000,250000,2,2,30000,28800,,未鉴定装备,75品精良,天王鞋子
5,27,1,18,0,风雪靴,未鉴定装备,[ffce49]未鉴定的[-][923DF1FF]稀有的[-][ffce49]75等级天王鞋子[-]<enter>[CCAF97FF]微光莹莹，流露着一股不寻常气息。[-],◆最多可持有1000个,Equip_Tw_Shoes04_01,Equip_Tw,75,308823,1,0,3000000,9000000,5,27,27,40,0,1400,3,1000,1000,UnidentifiedEquip,1,1,4,,,,,,,,,,100,1,3200000,9600000,640000,3200000,19200000,640000,2,2,30000,28800,,未鉴定装备,75品稀有,天王鞋子
5,27,1,19,0,风雪靴,未鉴定装备,[ffce49]未鉴定的[-][C75224FF]卓越的[-][ffce49]75等级天王鞋子[-]<enter>[CCAF97FF]熠熠生辉，散发着耀眼的迷人光芒。[-],◆最多可持有1000个,Equip_Tw_Shoes04_01,Equip_Tw,75,370588,1,0,8000000,24000000,2,27,27,40,0,1680,4,1000,1000,UnidentifiedEquip,1,1,4,,,,,,,,,,100,1,8000000,24000000,1600000,8000000,48000000,1600000,2,2,30000,28800,,未鉴定装备,75品卓越,天王鞋子
5,27,1,20,0,风雪靴,未鉴定装备,[ffce49]未鉴定的[-][F09E0FFF]传说的[-][ffce49]75等级天王鞋子[-]<enter>[CCAF97FF]鬼斧神工，不知出自哪位大师之手。[-],◆最多可持有1000个,Equip_Tw_Shoes04_01,Equip_Tw,75,463235,1,0,20000000,60000000,1,27,27,40,0,2100,5,1000,1000,UnidentifiedEquip,1,1,4,,,,,,,,,,100,1,20000000,60000000,4000000,20000000,120000000,4000000,2,2,30000,28800,,未鉴定装备,75品传说,天王鞋子
5,27,1,519,0,发光的风雪靴,未鉴定装备,[ffce49]未鉴定的[-][C75224FF]卓越的[-][ffce49]75等级天王鞋子[-]<enter>[ffce49]◆一定可以鉴定出带有套装属性的装备。[-],◆最多可持有1000个,Equip_Tw_Shoes04_01,Equip_Tw,75,370588,1,0,24000000,72000000,2,27,27,40,0,1680,4,1000,1000,custom_identify_equip,1,1,504,,,,,,,,,,0,1,24000000,72000000,4800000,24000000,144000000,4800000,2,2,30000,28800,,未鉴定装备,75品卓越,天王鞋子
5,27,1,520,0,发光的风雪靴,未鉴定装备,[ffce49]未鉴定的[-][F09E0FFF]传说的[-][ffce49]75等级天王鞋子[-]<enter>[ffce49]◆一定可以鉴定出带有套装属性的装备。[-],◆最多可持有1000个,Equip_Tw_Shoes04_01,Equip_Tw,75,463235,1,0,60000000,180000000,1,27,27,40,0,2100,5,1000,1000,custom_identify_equip,1,1,504,,,,,,,,,,0,1,60000000,180000000,12000000,60000000,360000000,12000000,2,2,30000,28800,,未鉴定装备,75品传说,天王鞋子
5,27,2,1,0,新竹靴,未鉴定装备,[ffce49]未鉴定的[-][238154FF]优秀的[-][ffce49]30等级唐门鞋子[-]<enter>[CCAF97FF]基本上毫无作用。[-],◆最多可持有1000个,Equip_Tm_Shoes01_01,Equip_Tm,30,74117,1,0,10000,30000,5,27,27,1,0,18,1,1000,1000,UnidentifiedEquip,1,1,1,,,,,,,,1,,100,1,10000,30000,10000,10000,60000,10000,2,2,30000,28800,,未鉴定装备,30品优秀,唐门鞋子
5,27,2,2,0,新竹靴,未鉴定装备,[ffce49]未鉴定的[-][3376FFFF]精良的[-][ffce49]30等级唐门鞋子[-]<enter>[CCAF97FF]边角处有些破损。[-],◆最多可持有1000个,Equip_Tm_Shoes01_01,Equip_Tm,30,98823,1,0,10000,30000,5,27,27,1,0,24,2,1000,1000,UnidentifiedEquip,1,1,1,,,,,,,,1,,100,1,10000,30000,10000,10000,60000,10000,2,2,30000,28800,,未鉴定装备,30品精良,唐门鞋子
5,27,2,3,0,新竹靴,未鉴定装备,[ffce49]未鉴定的[-][923DF1FF]稀有的[-][ffce49]30等级唐门鞋子[-]<enter>[CCAF97FF]整体上十分简陋。[-],◆最多可持有1000个,Equip_Tm_Shoes01_01,Equip_Tm,30,123529,1,0,10000,30000,5,27,27,1,0,30,3,1000,1000,UnidentifiedEquip,1,1,1,,,,,,,,1,,100,1,50000,150000,10000,50000,300000,10000,2,2,30000,28800,,未鉴定装备,30品稀有,唐门鞋子
5,27,2,4,0,新竹靴,未鉴定装备,[ffce49]未鉴定的[-][C75224FF]卓越的[-][ffce49]30等级唐门鞋子[-]<enter>[CCAF97FF]看上去平淡无奇。[-],◆最多可持有1000个,Equip_Tm_Shoes01_01,Equip_Tm,30,148235,1,0,10000,30000,2,27,27,1,0,36,4,1000,1000,UnidentifiedEquip,1,1,1,,,,,,,,1,,100,1,200000,600000,40000,200000,1200000,40000,2,2,30000,28800,,未鉴定装备,30品卓越,唐门鞋子
5,27,2,5,0,新竹靴,未鉴定装备,[ffce49]未鉴定的[-][F09E0FFF]传说的[-][ffce49]30等级唐门鞋子[-]<enter>[CCAF97FF]摸起来做工精细。[-],◆最多可持有1000个,Equip_Tm_Shoes01_01,Equip_Tm,30,185294,1,0,10000,30000,1,27,27,1,0,45,5,1000,1000,UnidentifiedEquip,1,1,1,,,,,,,,1,,100,1,800000,2400000,160000,800000,4800000,160000,2,2,30000,28800,,未鉴定装备,30品传说,唐门鞋子
5,27,2,6,0,绿锦靴,未鉴定装备,[ffce49]未鉴定的[-][238154FF]优秀的[-][ffce49]45等级唐门鞋子[-]<enter>[CCAF97FF]虽然有点破，但仍旧很耐用。[-],◆最多可持有1000个,Equip_Tm_Shoes02_01,Equip_Tm,45,111176,0,0,,,,27,27,20,0,360,1,1000,1000,UnidentifiedEquip,1,1,2,,,,,,,,,,100,,,,,,,,,,,,,未鉴定装备,45品优秀,唐门鞋子
5,27,2,7,0,绿锦靴,未鉴定装备,[ffce49]未鉴定的[-][3376FFFF]精良的[-][ffce49]45等级唐门鞋子[-]<enter>[CCAF97FF]样子虽平常，但质量很不错。[-],◆最多可持有1000个,Equip_Tm_Shoes02_01,Equip_Tm,45,148235,0,0,,,,27,27,20,0,480,2,1000,1000,UnidentifiedEquip,1,1,2,,,,,,,,,,100,,,,,,,,,,,,,未鉴定装备,45品精良,唐门鞋子
5,27,2,8,0,绿锦靴,未鉴定装备,[ffce49]未鉴定的[-][923DF1FF]稀有的[-][ffce49]45等级唐门鞋子[-]<enter>[CCAF97FF]材质数上乘，但做工略粗糙。[-],◆最多可持有1000个,Equip_Tm_Shoes02_01,Equip_Tm,45,185294,0,0,,,,27,27,20,0,600,3,1000,1000,UnidentifiedEquip,1,1,2,,,,,,,,,,100,,,,,,,,,,,,,未鉴定装备,45品稀有,唐门鞋子
5,27,2,9,0,绿锦靴,未鉴定装备,[ffce49]未鉴定的[-][C75224FF]卓越的[-][ffce49]45等级唐门鞋子[-]<enter>[CCAF97FF]少有的宝物，但存在小瑕疵。[-],◆最多可持有1000个,Equip_Tm_Shoes02_01,Equip_Tm,45,222352,0,0,,,,27,27,20,0,720,4,1000,1000,UnidentifiedEquip,1,1,2,,,,,,,,,,100,,,,,,,,,,,,,未鉴定装备,45品卓越,唐门鞋子
5,27,2,10,0,绿锦靴,未鉴定装备,[ffce49]未鉴定的[-][F09E0FFF]传说的[-][ffce49]45等级唐门鞋子[-]<enter>[CCAF97FF]罕见的珍品，但光泽已暗淡。[-],◆最多可持有1000个,Equip_Tm_Shoes02_01,Equip_Tm,45,277941,0,0,,,,27,27,20,0,900,5,1000,1000,UnidentifiedEquip,1,1,2,,,,,,,,,,100,,,,,,,,,,,,,未鉴定装备,45品传说,唐门鞋子
5,27,2,11,0,幽木履,未鉴定装备,[ffce49]未鉴定的[-][238154FF]优秀的[-][ffce49]50等级唐门鞋子[-]<enter>[CCAF97FF]侠士常带身边的物件。[-],◆最多可持有1000个,Equip_Tm_Shoes03_01,Equip_Tm,50,123529,1,0,50000,150000,5,27,27,40,0,600,1,1000,1000,UnidentifiedEquip,1,1,3,,,,,,,,,,100,1,20000,60000,10000,20000,120000,10000,2,2,30000,28800,,未鉴定装备,50品优秀,唐门鞋子
5,27,2,12,0,幽木履,未鉴定装备,[ffce49]未鉴定的[-][3376FFFF]精良的[-][ffce49]50等级唐门鞋子[-]<enter>[CCAF97FF]当铺内高价才能购得。[-],◆最多可持有1000个,Equip_Tm_Shoes03_01,Equip_Tm,50,164705,1,0,50000,150000,5,27,27,40,0,800,2,1000,1000,UnidentifiedEquip,1,1,3,,,,,,,,,,100,1,60000,180000,10000,60000,360000,10000,2,2,30000,28800,,未鉴定装备,50品精良,唐门鞋子
5,27,2,13,0,幽木履,未鉴定装备,[ffce49]未鉴定的[-][923DF1FF]稀有的[-][ffce49]50等级唐门鞋子[-]<enter>[CCAF97FF]巧手工匠制造的良品。[-],◆最多可持有1000个,Equip_Tm_Shoes03_01,Equip_Tm,50,205882,1,0,100000,300000,5,27,27,40,0,1000,3,1000,1000,UnidentifiedEquip,1,1,3,,,,,,,,,,100,1,250000,750000,50000,250000,1500000,50000,2,2,30000,28800,,未鉴定装备,50品稀有,唐门鞋子
5,27,2,14,0,幽木履,未鉴定装备,[ffce49]未鉴定的[-][C75224FF]卓越的[-][ffce49]50等级唐门鞋子[-]<enter>[CCAF97FF]显赫家族祖传的法宝。[-],◆最多可持有1000个,Equip_Tm_Shoes03_01,Equip_Tm,50,247058,1,0,200000,600000,5,27,27,40,0,1200,4,1000,1000,UnidentifiedEquip,1,1,3,,,,,,,,,,100,1,1000000,3000000,200000,1000000,6000000,200000,2,2,30000,28800,,未鉴定装备,50品卓越,唐门鞋子
5,27,2,15,0,幽木履,未鉴定装备,[ffce49]未鉴定的[-][F09E0FFF]传说的[-][ffce49]50等级唐门鞋子[-]<enter>[CCAF97FF]为王侯们特制的贡品。[-],◆最多可持有1000个,Equip_Tm_Shoes03_01,Equip_Tm,50,308823,1,0,250000,750000,5,27,27,40,0,1500,5,1000,1000,UnidentifiedEquip,1,1,3,,,,,,,,,,100,1,4000000,12000000,800000,4000000,24000000,800000,2,2,30000,28800,,未鉴定装备,50品传说,唐门鞋子
5,27,2,16,0,冥罗靴,未鉴定装备,[ffce49]未鉴定的[-][238154FF]优秀的[-][ffce49]75等级唐门鞋子[-]<enter>[CCAF97FF]精巧入微，上等的材质配上精工艺。[-],◆最多可持有1000个,Equip_Tm_Shoes04_01,Equip_Tm,75,185294,1,0,300000,900000,5,27,27,40,0,840,1,1000,1000,UnidentifiedEquip,1,1,4,,,,,,,,,,100,1,510000,1530000,100000,510000,3060000,100000,2,2,30000,28800,,未鉴定装备,75品优秀,唐门鞋子
5,27,2,17,0,冥罗靴,未鉴定装备,[ffce49]未鉴定的[-][3376FFFF]精良的[-][ffce49]75等级唐门鞋子[-]<enter>[CCAF97FF]惊艳异常，华美的外表难掩英雄气。[-],◆最多可持有1000个,Equip_Tm_Shoes04_01,Equip_Tm,75,247058,1,0,1000000,3000000,5,27,27,40,0,1120,2,1000,1000,UnidentifiedEquip,1,1,4,,,,,,,,,,100,1,1280000,3840000,250000,1280000,7680000,250000,2,2,30000,28800,,未鉴定装备,75品精良,唐门鞋子
5,27,2,18,0,冥罗靴,未鉴定装备,[ffce49]未鉴定的[-][923DF1FF]稀有的[-][ffce49]75等级唐门鞋子[-]<enter>[CCAF97FF]微光莹莹，流露着一股不寻常气息。[-],◆最多可持有1000个,Equip_Tm_Shoes04_01,Equip_Tm,75,308823,1,0,3000000,9000000,5,27,27,40,0,1400,3,1000,1000,UnidentifiedEquip,1,1,4,,,,,,,,,,100,1,3200000,9600000,640000,3200000,19200000,640000,2,2,30000,28800,,未鉴定装备,75品稀有,唐门鞋子
5,27,2,19,0,冥罗靴,未鉴定装备,[ffce49]未鉴定的[-][C75224FF]卓越的[-][ffce49]75等级唐门鞋子[-]<enter>[CCAF97FF]熠熠生辉，散发着耀眼的迷人光芒。[-],◆最多可持有1000个,Equip_Tm_Shoes04_01,Equip_Tm,75,370588,1,0,8000000,24000000,2,27,27,40,0,1680,4,1000,1000,UnidentifiedEquip,1,1,4,,,,,,,,,,100,1,8000000,24000000,1600000,8000000,48000000,1600000,2,2,30000,28800,,未鉴定装备,75品卓越,唐门鞋子
5,27,2,20,0,冥罗靴,未鉴定装备,[ffce49]未鉴定的[-][F09E0FFF]传说的[-][ffce49]75等级唐门鞋子[-]<enter>[CCAF97FF]鬼斧神工，不知出自哪位大师之手。[-],◆最多可持有1000个,Equip_Tm_Shoes04_01,Equip_Tm,75,463235,1,0,20000000,60000000,1,27,27,40,0,2100,5,1000,1000,UnidentifiedEquip,1,1,4,,,,,,,,,,100,1,20000000,60000000,4000000,20000000,120000000,4000000,2,2,30000,28800,,未鉴定装备,75品传说,唐门鞋子
5,27,2,519,0,发光的冥罗靴,未鉴定装备,[ffce49]未鉴定的[-][C75224FF]卓越的[-][ffce49]75等级唐门鞋子[-]<enter>[ffce49]◆一定可以鉴定出带有套装属性的装备。[-],◆最多可持有1000个,Equip_Tm_Shoes04_01,Equip_Tm,75,370588,1,0,24000000,72000000,2,27,27,40,0,1680,4,1000,1000,custom_identify_equip,1,1,504,,,,,,,,,,0,1,24000000,72000000,4800000,24000000,144000000,4800000,2,2,30000,28800,,未鉴定装备,75品卓越,唐门鞋子
5,27,2,520,0,发光的冥罗靴,未鉴定装备,[ffce49]未鉴定的[-][F09E0FFF]传说的[-][ffce49]75等级唐门鞋子[-]<enter>[ffce49]◆一定可以鉴定出带有套装属性的装备。[-],◆最多可持有1000个,Equip_Tm_Shoes04_01,Equip_Tm,75,463235,1,0,60000000,180000000,1,27,27,40,0,2100,5,1000,1000,custom_identify_equip,1,1,504,,,,,,,,,,0,1,60000000,180000000,12000000,60000000,360000000,12000000,2,2,30000,28800,,未鉴定装备,75品传说,唐门鞋子
5,27,3,1,0,清荷履,未鉴定装备,[ffce49]未鉴定的[-][238154FF]优秀的[-][ffce49]30等级峨眉鞋子[-]<enter>[CCAF97FF]基本上毫无作用。[-],◆最多可持有1000个,Equip_Em_Shoes01_01,Equip_Em,30,74117,1,0,10000,30000,5,27,27,1,0,18,1,1000,1000,UnidentifiedEquip,1,1,1,,,,,,,,1,,100,1,10000,30000,10000,10000,60000,10000,2,2,30000,28800,,未鉴定装备,30品优秀,峨眉鞋子
5,27,3,2,0,清荷履,未鉴定装备,[ffce49]未鉴定的[-][3376FFFF]精良的[-][ffce49]30等级峨眉鞋子[-]<enter>[CCAF97FF]边角处有些破损。[-],◆最多可持有1000个,Equip_Em_Shoes01_01,Equip_Em,30,98823,1,0,10000,30000,5,27,27,1,0,24,2,1000,1000,UnidentifiedEquip,1,1,1,,,,,,,,1,,100,1,10000,30000,10000,10000,60000,10000,2,2,30000,28800,,未鉴定装备,30品精良,峨眉鞋子
5,27,3,3,0,清荷履,未鉴定装备,[ffce49]未鉴定的[-][923DF1FF]稀有的[-][ffce49]30等级峨眉鞋子[-]<enter>[CCAF97FF]整体上十分简陋。[-],◆最多可持有1000个,Equip_Em_Shoes01_01,Equip_Em,30,123529,1,0,10000,30000,5,27,27,1,0,30,3,1000,1000,UnidentifiedEquip,1,1,1,,,,,,,,1,,100,1,50000,150000,10000,50000,300000,10000,2,2,30000,28800,,未鉴定装备,30品稀有,峨眉鞋子
5,27,3,4,0,清荷履,未鉴定装备,[ffce49]未鉴定的[-][C75224FF]卓越的[-][ffce49]30等级峨眉鞋子[-]<enter>[CCAF97FF]看上去平淡无奇。[-],◆最多可持有1000个,Equip_Em_Shoes01_01,Equip_Em,30,148235,1,0,10000,30000,2,27,27,1,0,36,4,1000,1000,UnidentifiedEquip,1,1,1,,,,,,,,1,,100,1,200000,600000,40000,200000,1200000,40000,2,2,30000,28800,,未鉴定装备,30品卓越,峨眉鞋子
5,27,3,5,0,清荷履,未鉴定装备,[ffce49]未鉴定的[-][F09E0FFF]传说的[-][ffce49]30等级峨眉鞋子[-]<enter>[CCAF97FF]摸起来做工精细。[-],◆最多可持有1000个,Equip_Em_Shoes01_01,Equip_Em,30,185294,1,0,10000,30000,1,27,27,1,0,45,5,1000,1000,UnidentifiedEquip,1,1,1,,,,,,,,1,,100,1,800000,2400000,160000,800000,4800000,160000,2,2,30000,28800,,未鉴定装备,30品传说,峨眉鞋子
5,27,3,6,0,玲珑履,未鉴定装备,[ffce49]未鉴定的[-][238154FF]优秀的[-][ffce49]45等级峨眉鞋子[-]<enter>[CCAF97FF]虽然有点破，但仍旧很耐用。[-],◆最多可持有1000个,Equip_Em_Shoes02_01,Equip_Em,45,111176,0,0,,,,27,27,20,0,360,1,1000,1000,UnidentifiedEquip,1,1,2,,,,,,,,,,100,,,,,,,,,,,,,未鉴定装备,45品优秀,峨眉鞋子
5,27,3,7,0,玲珑履,未鉴定装备,[ffce49]未鉴定的[-][3376FFFF]精良的[-][ffce49]45等级峨眉鞋子[-]<enter>[CCAF97FF]样子虽平常，但质量很不错。[-],◆最多可持有1000个,Equip_Em_Shoes02_01,Equip_Em,45,148235,0,0,,,,27,27,20,0,480,2,1000,1000,UnidentifiedEquip,1,1,2,,,,,,,,,,100,,,,,,,,,,,,,未鉴定装备,45品精良,峨眉鞋子
5,27,3,8,0,玲珑履,未鉴定装备,[ffce49]未鉴定的[-][923DF1FF]稀有的[-][ffce49]45等级峨眉鞋子[-]<enter>[CCAF97FF]材质数上乘，但做工略粗糙。[-],◆最多可持有1000个,Equip_Em_Shoes02_01,Equip_Em,45,185294,0,0,,,,27,27,20,0,600,3,1000,1000,UnidentifiedEquip,1,1,2,,,,,,,,,,100,,,,,,,,,,,,,未鉴定装备,45品稀有,峨眉鞋子
5,27,3,9,0,玲珑履,未鉴定装备,[ffce49]未鉴定的[-][C75224FF]卓越的[-][ffce49]45等级峨眉鞋子[-]<enter>[CCAF97FF]少有的宝物，但存在小瑕疵。[-],◆最多可持有1000个,Equip_Em_Shoes02_01,Equip_Em,45,222352,0,0,,,,27,27,20,0,720,4,1000,1000,UnidentifiedEquip,1,1,2,,,,,,,,,,100,,,,,,,,,,,,,未鉴定装备,45品卓越,峨眉鞋子
5,27,3,10,0,玲珑履,未鉴定装备,[ffce49]未鉴定的[-][F09E0FFF]传说的[-][ffce49]45等级峨眉鞋子[-]<enter>[CCAF97FF]罕见的珍品，但光泽已暗淡。[-],◆最多可持有1000个,Equip_Em_Shoes02_01,Equip_Em,45,277941,0,0,,,,27,27,20,0,900,5,1000,1000,UnidentifiedEquip,1,1,2,,,,,,,,,,100,,,,,,,,,,,,,未鉴定装备,45品传说,峨眉鞋子
5,27,3,11,0,清心软鞋,未鉴定装备,[ffce49]未鉴定的[-][238154FF]优秀的[-][ffce49]50等级峨眉鞋子[-]<enter>[CCAF97FF]侠士常带身边的物件。[-],◆最多可持有1000个,Equip_Em_Shoes03_01,Equip_Em,50,123529,1,0,50000,150000,5,27,27,40,0,600,1,1000,1000,UnidentifiedEquip,1,1,3,,,,,,,,,,100,1,20000,60000,10000,20000,120000,10000,2,2,30000,28800,,未鉴定装备,50品优秀,峨眉鞋子
5,27,3,12,0,清心软鞋,未鉴定装备,[ffce49]未鉴定的[-][3376FFFF]精良的[-][ffce49]50等级峨眉鞋子[-]<enter>[CCAF97FF]当铺内高价才能购得。[-],◆最多可持有1000个,Equip_Em_Shoes03_01,Equip_Em,50,164705,1,0,50000,150000,5,27,27,40,0,800,2,1000,1000,UnidentifiedEquip,1,1,3,,,,,,,,,,100,1,60000,180000,10000,60000,360000,10000,2,2,30000,28800,,未鉴定装备,50品精良,峨眉鞋子
5,27,3,13,0,清心软鞋,未鉴定装备,[ffce49]未鉴定的[-][923DF1FF]稀有的[-][ffce49]50等级峨眉鞋子[-]<enter>[CCAF97FF]巧手工匠制造的良品。[-],◆最多可持有1000个,Equip_Em_Shoes03_01,Equip_Em,50,205882,1,0,100000,300000,5,27,27,40,0,1000,3,1000,1000,UnidentifiedEquip,1,1,3,,,,,,,,,,100,1,250000,750000,50000,250000,1500000,50000,2,2,30000,28800,,未鉴定装备,50品稀有,峨眉鞋子
5,27,3,14,0,清心软鞋,未鉴定装备,[ffce49]未鉴定的[-][C75224FF]卓越的[-][ffce49]50等级峨眉鞋子[-]<enter>[CCAF97FF]显赫家族祖传的法宝。[-],◆最多可持有1000个,Equip_Em_Shoes03_01,Equip_Em,50,247058,1,0,200000,600000,5,27,27,40,0,1200,4,1000,1000,UnidentifiedEquip,1,1,3,,,,,,,,,,100,1,1000000,3000000,200000,1000000,6000000,200000,2,2,30000,28800,,未鉴定装备,50品卓越,峨眉鞋子
5,27,3,15,0,清心软鞋,未鉴定装备,[ffce49]未鉴定的[-][F09E0FFF]传说的[-][ffce49]50等级峨眉鞋子[-]<enter>[CCAF97FF]为王侯们特制的贡品。[-],◆最多可持有1000个,Equip_Em_Shoes03_01,Equip_Em,50,308823,1,0,250000,750000,5,27,27,40,0,1500,5,1000,1000,UnidentifiedEquip,1,1,3,,,,,,,,,,100,1,4000000,12000000,800000,4000000,24000000,800000,2,2,30000,28800,,未鉴定装备,50品传说,峨眉鞋子
5,27,3,16,0,灵华履,未鉴定装备,[ffce49]未鉴定的[-][238154FF]优秀的[-][ffce49]75等级峨眉鞋子[-]<enter>[CCAF97FF]精巧入微，上等的材质配上精工艺。[-],◆最多可持有1000个,Equip_Em_Shoes04_01,Equip_Em,75,185294,1,0,300000,900000,5,27,27,40,0,840,1,1000,1000,UnidentifiedEquip,1,1,4,,,,,,,,,,100,1,510000,1530000,100000,510000,3060000,100000,2,2,30000,28800,,未鉴定装备,75品优秀,峨眉鞋子
5,27,3,17,0,灵华履,未鉴定装备,[ffce49]未鉴定的[-][3376FFFF]精良的[-][ffce49]75等级峨眉鞋子[-]<enter>[CCAF97FF]惊艳异常，华美的外表难掩英雄气。[-],◆最多可持有1000个,Equip_Em_Shoes04_01,Equip_Em,75,247058,1,0,1000000,3000000,5,27,27,40,0,1120,2,1000,1000,UnidentifiedEquip,1,1,4,,,,,,,,,,100,1,1280000,3840000,250000,1280000,7680000,250000,2,2,30000,28800,,未鉴定装备,75品精良,峨眉鞋子
5,27,3,18,0,灵华履,未鉴定装备,[ffce49]未鉴定的[-][923DF1FF]稀有的[-][ffce49]75等级峨眉鞋子[-]<enter>[CCAF97FF]微光莹莹，流露着一股不寻常气息。[-],◆最多可持有1000个,Equip_Em_Shoes04_01,Equip_Em,75,308823,1,0,3000000,9000000,5,27,27,40,0,1400,3,1000,1000,UnidentifiedEquip,1,1,4,,,,,,,,,,100,1,3200000,9600000,640000,3200000,19200000,640000,2,2,30000,28800,,未鉴定装备,75品稀有,峨眉鞋子
5,27,3,19,0,灵华履,未鉴定装备,[ffce49]未鉴定的[-][C75224FF]卓越的[-][ffce49]75等级峨眉鞋子[-]<enter>[CCAF97FF]熠熠生辉，散发着耀眼的迷人光芒。[-],◆最多可持有1000个,Equip_Em_Shoes04_01,Equip_Em,75,370588,1,0,8000000,24000000,2,27,27,40,0,1680,4,1000,1000,UnidentifiedEquip,1,1,4,,,,,,,,,,100,1,8000000,24000000,1600000,8000000,48000000,1600000,2,2,30000,28800,,未鉴定装备,75品卓越,峨眉鞋子
5,27,3,20,0,灵华履,未鉴定装备,[ffce49]未鉴定的[-][F09E0FFF]传说的[-][ffce49]75等级峨眉鞋子[-]<enter>[CCAF97FF]鬼斧神工，不知出自哪位大师之手。[-],◆最多可持有1000个,Equip_Em_Shoes04_01,Equip_Em,75,463235,1,0,20000000,60000000,1,27,27,40,0,2100,5,1000,1000,UnidentifiedEquip,1,1,4,,,,,,,,,,100,1,20000000,60000000,4000000,20000000,120000000,4000000,2,2,30000,28800,,未鉴定装备,75品传说,峨眉鞋子
5,27,3,519,0,发光的灵华履,未鉴定装备,[ffce49]未鉴定的[-][C75224FF]卓越的[-][ffce49]75等级峨眉鞋子[-]<enter>[ffce49]◆一定可以鉴定出带有套装属性的装备。[-],◆最多可持有1000个,Equip_Em_Shoes04_01,Equip_Em,75,370588,1,0,24000000,72000000,2,27,27,40,0,1680,4,1000,1000,custom_identify_equip,1,1,504,,,,,,,,,,0,1,24000000,72000000,4800000,24000000,144000000,4800000,2,2,30000,28800,,未鉴定装备,75品卓越,峨眉鞋子
5,27,3,520,0,发光的灵华履,未鉴定装备,[ffce49]未鉴定的[-][F09E0FFF]传说的[-][ffce49]75等级峨眉鞋子[-]<enter>[ffce49]◆一定可以鉴定出带有套装属性的装备。[-],◆最多可持有1000个,Equip_Em_Shoes04_01,Equip_Em,75,463235,1,0,60000000,180000000,1,27,27,40,0,2100,5,1000,1000,custom_identify_equip,1,1,504,,,,,,,,,,0,1,60000000,180000000,12000000,60000000,360000000,12000000,2,2,30000,28800,,未鉴定装备,75品传说,峨眉鞋子
5,27,4,1,0,星火硬靴,未鉴定装备,[ffce49]未鉴定的[-][238154FF]优秀的[-][ffce49]30等级天忍鞋子[-]<enter>[CCAF97FF]基本上毫无作用。[-],◆最多可持有1000个,Equip_Tr_Shoes01_01,Equip_Tr,30,74117,1,0,10000,30000,5,27,27,1,0,18,1,1000,1000,UnidentifiedEquip,1,1,1,,,,,,,,1,,100,1,10000,30000,10000,10000,60000,10000,2,2,30000,28800,,未鉴定装备,30品优秀,天忍鞋子
5,27,4,2,0,星火硬靴,未鉴定装备,[ffce49]未鉴定的[-][3376FFFF]精良的[-][ffce49]30等级天忍鞋子[-]<enter>[CCAF97FF]边角处有些破损。[-],◆最多可持有1000个,Equip_Tr_Shoes01_01,Equip_Tr,30,98823,1,0,10000,30000,5,27,27,1,0,24,2,1000,1000,UnidentifiedEquip,1,1,1,,,,,,,,1,,100,1,10000,30000,10000,10000,60000,10000,2,2,30000,28800,,未鉴定装备,30品精良,天忍鞋子
5,27,4,3,0,星火硬靴,未鉴定装备,[ffce49]未鉴定的[-][923DF1FF]稀有的[-][ffce49]30等级天忍鞋子[-]<enter>[CCAF97FF]整体上十分简陋。[-],◆最多可持有1000个,Equip_Tr_Shoes01_01,Equip_Tr,30,123529,1,0,10000,30000,5,27,27,1,0,30,3,1000,1000,UnidentifiedEquip,1,1,1,,,,,,,,1,,100,1,50000,150000,10000,50000,300000,10000,2,2,30000,28800,,未鉴定装备,30品稀有,天忍鞋子
5,27,4,4,0,星火硬靴,未鉴定装备,[ffce49]未鉴定的[-][C75224FF]卓越的[-][ffce49]30等级天忍鞋子[-]<enter>[CCAF97FF]看上去平淡无奇。[-],◆最多可持有1000个,Equip_Tr_Shoes01_01,Equip_Tr,30,148235,1,0,10000,30000,2,27,27,1,0,36,4,1000,1000,UnidentifiedEquip,1,1,1,,,,,,,,1,,100,1,200000,600000,40000,200000,1200000,40000,2,2,30000,28800,,未鉴定装备,30品卓越,天忍鞋子
5,27,4,5,0,星火硬靴,未鉴定装备,[ffce49]未鉴定的[-][F09E0FFF]传说的[-][ffce49]30等级天忍鞋子[-]<enter>[CCAF97FF]摸起来做工精细。[-],◆最多可持有1000个,Equip_Tr_Shoes01_01,Equip_Tr,30,185294,1,0,10000,30000,1,27,27,1,0,45,5,1000,1000,UnidentifiedEquip,1,1,1,,,,,,,,1,,100,1,800000,2400000,160000,800000,4800000,160000,2,2,30000,28800,,未鉴定装备,30品传说,天忍鞋子
5,27,4,6,0,赤血硬靴,未鉴定装备,[ffce49]未鉴定的[-][238154FF]优秀的[-][ffce49]45等级天忍鞋子[-]<enter>[CCAF97FF]虽然有点破，但仍旧很耐用。[-],◆最多可持有1000个,Equip_Tr_Shoes02_01,Equip_Tr,45,111176,0,0,,,,27,27,20,0,360,1,1000,1000,UnidentifiedEquip,1,1,2,,,,,,,,,,100,,,,,,,,,,,,,未鉴定装备,45品优秀,天忍鞋子
5,27,4,7,0,赤血硬靴,未鉴定装备,[ffce49]未鉴定的[-][3376FFFF]精良的[-][ffce49]45等级天忍鞋子[-]<enter>[CCAF97FF]样子虽平常，但质量很不错。[-],◆最多可持有1000个,Equip_Tr_Shoes02_01,Equip_Tr,45,148235,0,0,,,,27,27,20,0,480,2,1000,1000,UnidentifiedEquip,1,1,2,,,,,,,,,,100,,,,,,,,,,,,,未鉴定装备,45品精良,天忍鞋子
5,27,4,8,0,赤血硬靴,未鉴定装备,[ffce49]未鉴定的[-][923DF1FF]稀有的[-][ffce49]45等级天忍鞋子[-]<enter>[CCAF97FF]材质数上乘，但做工略粗糙。[-],◆最多可持有1000个,Equip_Tr_Shoes02_01,Equip_Tr,45,185294,0,0,,,,27,27,20,0,600,3,1000,1000,UnidentifiedEquip,1,1,2,,,,,,,,,,100,,,,,,,,,,,,,未鉴定装备,45品稀有,天忍鞋子
5,27,4,9,0,赤血硬靴,未鉴定装备,[ffce49]未鉴定的[-][C75224FF]卓越的[-][ffce49]45等级天忍鞋子[-]<enter>[CCAF97FF]少有的宝物，但存在小瑕疵。[-],◆最多可持有1000个,Equip_Tr_Shoes02_01,Equip_Tr,45,222352,0,0,,,,27,27,20,0,720,4,1000,1000,UnidentifiedEquip,1,1,2,,,,,,,,,,100,,,,,,,,,,,,,未鉴定装备,45品卓越,天忍鞋子
5,27,4,10,0,赤血硬靴,未鉴定装备,[ffce49]未鉴定的[-][F09E0FFF]传说的[-][ffce49]45等级天忍鞋子[-]<enter>[CCAF97FF]罕见的珍品，但光泽已暗淡。[-],◆最多可持有1000个,Equip_Tr_Shoes02_01,Equip_Tr,45,277941,0,0,,,,27,27,20,0,900,5,1000,1000,UnidentifiedEquip,1,1,2,,,,,,,,,,100,,,,,,,,,,,,,未鉴定装备,45品传说,天忍鞋子
5,27,4,11,0,炙炎靴,未鉴定装备,[ffce49]未鉴定的[-][238154FF]优秀的[-][ffce49]50等级天忍鞋子[-]<enter>[CCAF97FF]侠士常带身边的物件。[-],◆最多可持有1000个,Equip_Tr_Shoes03_01,Equip_Tr,50,123529,1,0,50000,150000,5,27,27,40,0,600,1,1000,1000,UnidentifiedEquip,1,1,3,,,,,,,,,,100,1,20000,60000,10000,20000,120000,10000,2,2,30000,28800,,未鉴定装备,50品优秀,天忍鞋子
5,27,4,12,0,灸炎靴,未鉴定装备,[ffce49]未鉴定的[-][3376FFFF]精良的[-][ffce49]50等级天忍鞋子[-]<enter>[CCAF97FF]当铺内高价才能购得。[-],◆最多可持有1000个,Equip_Tr_Shoes03_01,Equip_Tr,50,164705,1,0,50000,150000,5,27,27,40,0,800,2,1000,1000,UnidentifiedEquip,1,1,3,,,,,,,,,,100,1,60000,180000,10000,60000,360000,10000,2,2,30000,28800,,未鉴定装备,50品精良,天忍鞋子
5,27,4,13,0,灸炎靴,未鉴定装备,[ffce49]未鉴定的[-][923DF1FF]稀有的[-][ffce49]50等级天忍鞋子[-]<enter>[CCAF97FF]巧手工匠制造的良品。[-],◆最多可持有1000个,Equip_Tr_Shoes03_01,Equip_Tr,50,205882,1,0,100000,300000,5,27,27,40,0,1000,3,1000,1000,UnidentifiedEquip,1,1,3,,,,,,,,,,100,1,250000,750000,50000,250000,1500000,50000,2,2,30000,28800,,未鉴定装备,50品稀有,天忍鞋子
5,27,4,14,0,灸炎靴,未鉴定装备,[ffce49]未鉴定的[-][C75224FF]卓越的[-][ffce49]50等级天忍鞋子[-]<enter>[CCAF97FF]显赫家族祖传的法宝。[-],◆最多可持有1000个,Equip_Tr_Shoes03_01,Equip_Tr,50,247058,1,0,200000,600000,5,27,27,40,0,1200,4,1000,1000,UnidentifiedEquip,1,1,3,,,,,,,,,,100,1,1000000,3000000,200000,1000000,6000000,200000,2,2,30000,28800,,未鉴定装备,50品卓越,天忍鞋子
5,27,4,15,0,灸炎靴,未鉴定装备,[ffce49]未鉴定的[-][F09E0FFF]传说的[-][ffce49]50等级天忍鞋子[-]<enter>[CCAF97FF]为王侯们特制的贡品。[-],◆最多可持有1000个,Equip_Tr_Shoes03_01,Equip_Tr,50,308823,1,0,250000,750000,5,27,27,40,0,1500,5,1000,1000,UnidentifiedEquip,1,1,3,,,,,,,,,,100,1,4000000,12000000,800000,4000000,24000000,800000,2,2,30000,28800,,未鉴定装备,50品传说,天忍鞋子
5,27,4,16,0,焰龙靴,未鉴定装备,[ffce49]未鉴定的[-][238154FF]优秀的[-][ffce49]75等级天忍鞋子[-]<enter>[CCAF97FF]精巧入微，上等的材质配上精工艺。[-],◆最多可持有1000个,Equip_Tr_Shoes04_01,Equip_Tr,75,185294,1,0,300000,900000,5,27,27,40,0,840,1,1000,1000,UnidentifiedEquip,1,1,4,,,,,,,,,,100,1,510000,1530000,100000,510000,3060000,100000,2,2,30000,28800,,未鉴定装备,75品优秀,天忍鞋子
5,27,4,17,0,焰龙靴,未鉴定装备,[ffce49]未鉴定的[-][3376FFFF]精良的[-][ffce49]75等级天忍鞋子[-]<enter>[CCAF97FF]惊艳异常，华美的外表难掩英雄气。[-],◆最多可持有1000个,Equip_Tr_Shoes04_01,Equip_Tr,75,247058,1,0,1000000,3000000,5,27,27,40,0,1120,2,1000,1000,UnidentifiedEquip,1,1,4,,,,,,,,,,100,1,1280000,3840000,250000,1280000,7680000,250000,2,2,30000,28800,,未鉴定装备,75品精良,天忍鞋子
5,27,4,18,0,焰龙靴,未鉴定装备,[ffce49]未鉴定的[-][923DF1FF]稀有的[-][ffce49]75等级天忍鞋子[-]<enter>[CCAF97FF]微光莹莹，流露着一股不寻常气息。[-],◆最多可持有1000个,Equip_Tr_Shoes04_01,Equip_Tr,75,308823,1,0,3000000,9000000,5,27,27,40,0,1400,3,1000,1000,UnidentifiedEquip,1,1,4,,,,,,,,,,100,1,3200000,9600000,640000,3200000,19200000,640000,2,2,30000,28800,,未鉴定装备,75品稀有,天忍鞋子
5,27,4,19,0,焰龙靴,未鉴定装备,[ffce49]未鉴定的[-][C75224FF]卓越的[-][ffce49]75等级天忍鞋子[-]<enter>[CCAF97FF]熠熠生辉，散发着耀眼的迷人光芒。[-],◆最多可持有1000个,Equip_Tr_Shoes04_01,Equip_Tr,75,370588,1,0,8000000,24000000,2,27,27,40,0,1680,4,1000,1000,UnidentifiedEquip,1,1,4,,,,,,,,,,100,1,8000000,24000000,1600000,8000000,48000000,1600000,2,2,30000,28800,,未鉴定装备,75品卓越,天忍鞋子
5,27,4,20,0,焰龙靴,未鉴定装备,[ffce49]未鉴定的[-][F09E0FFF]传说的[-][ffce49]75等级天忍鞋子[-]<enter>[CCAF97FF]鬼斧神工，不知出自哪位大师之手。[-],◆最多可持有1000个,Equip_Tr_Shoes04_01,Equip_Tr,75,463235,1,0,20000000,60000000,1,27,27,40,0,2100,5,1000,1000,UnidentifiedEquip,1,1,4,,,,,,,,,,100,1,20000000,60000000,4000000,20000000,120000000,4000000,2,2,30000,28800,,未鉴定装备,75品传说,天忍鞋子
5,27,4,519,0,发光的焰龙靴,未鉴定装备,[ffce49]未鉴定的[-][C75224FF]卓越的[-][ffce49]75等级天忍鞋子[-]<enter>[ffce49]◆一定可以鉴定出带有套装属性的装备。[-],◆最多可持有1000个,Equip_Tr_Shoes04_01,Equip_Tr,75,370588,1,0,24000000,72000000,2,27,27,40,0,1680,4,1000,1000,custom_identify_equip,1,1,504,,,,,,,,,,0,1,24000000,72000000,4800000,24000000,144000000,4800000,2,2,30000,28800,,未鉴定装备,75品卓越,天忍鞋子
5,27,4,520,0,发光的焰龙靴,未鉴定装备,[ffce49]未鉴定的[-][F09E0FFF]传说的[-][ffce49]75等级天忍鞋子[-]<enter>[ffce49]◆一定可以鉴定出带有套装属性的装备。[-],◆最多可持有1000个,Equip_Tr_Shoes04_01,Equip_Tr,75,463235,1,0,60000000,180000000,1,27,27,40,0,2100,5,1000,1000,custom_identify_equip,1,1,504,,,,,,,,,,0,1,60000000,180000000,12000000,60000000,360000000,12000000,2,2,30000,28800,,未鉴定装备,75品传说,天忍鞋子
5,27,5,1,0,砺石短靴,未鉴定装备,[ffce49]未鉴定的[-][238154FF]优秀的[-][ffce49]30等级武当鞋子[-]<enter>[CCAF97FF]基本上毫无作用。[-],◆最多可持有1000个,Equip_Wd_Shoes01_01,Equip_Wd,30,74117,1,0,10000,30000,5,27,27,1,0,18,1,1000,1000,UnidentifiedEquip,1,1,1,,,,,,,,1,,100,1,10000,30000,10000,10000,60000,10000,2,2,30000,28800,,未鉴定装备,30品优秀,武当鞋子
5,27,5,2,0,砺石短靴,未鉴定装备,[ffce49]未鉴定的[-][3376FFFF]精良的[-][ffce49]30等级武当鞋子[-]<enter>[CCAF97FF]边角处有些破损。[-],◆最多可持有1000个,Equip_Wd_Shoes01_01,Equip_Wd,30,98823,1,0,10000,30000,5,27,27,1,0,24,2,1000,1000,UnidentifiedEquip,1,1,1,,,,,,,,1,,100,1,10000,30000,10000,10000,60000,10000,2,2,30000,28800,,未鉴定装备,30品精良,武当鞋子
5,27,5,3,0,砺石短靴,未鉴定装备,[ffce49]未鉴定的[-][923DF1FF]稀有的[-][ffce49]30等级武当鞋子[-]<enter>[CCAF97FF]整体上十分简陋。[-],◆最多可持有1000个,Equip_Wd_Shoes01_01,Equip_Wd,30,123529,1,0,10000,30000,5,27,27,1,0,30,3,1000,1000,UnidentifiedEquip,1,1,1,,,,,,,,1,,100,1,50000,150000,10000,50000,300000,10000,2,2,30000,28800,,未鉴定装备,30品稀有,武当鞋子
5,27,5,4,0,砺石短靴,未鉴定装备,[ffce49]未鉴定的[-][C75224FF]卓越的[-][ffce49]30等级武当鞋子[-]<enter>[CCAF97FF]看上去平淡无奇。[-],◆最多可持有1000个,Equip_Wd_Shoes01_01,Equip_Wd,30,148235,1,0,10000,30000,2,27,27,1,0,36,4,1000,1000,UnidentifiedEquip,1,1,1,,,,,,,,1,,100,1,200000,600000,40000,200000,1200000,40000,2,2,30000,28800,,未鉴定装备,30品卓越,武当鞋子
5,27,5,5,0,砺石短靴,未鉴定装备,[ffce49]未鉴定的[-][F09E0FFF]传说的[-][ffce49]30等级武当鞋子[-]<enter>[CCAF97FF]摸起来做工精细。[-],◆最多可持有1000个,Equip_Wd_Shoes01_01,Equip_Wd,30,185294,1,0,10000,30000,1,27,27,1,0,45,5,1000,1000,UnidentifiedEquip,1,1,1,,,,,,,,1,,100,1,800000,2400000,160000,800000,4800000,160000,2,2,30000,28800,,未鉴定装备,30品传说,武当鞋子
5,27,5,6,0,素简短靴,未鉴定装备,[ffce49]未鉴定的[-][238154FF]优秀的[-][ffce49]45等级武当鞋子[-]<enter>[CCAF97FF]虽然有点破，但仍旧很耐用。[-],◆最多可持有1000个,Equip_Wd_Shoes02_01,Equip_Wd,45,111176,0,0,,,,27,27,20,0,360,1,1000,1000,UnidentifiedEquip,1,1,2,,,,,,,,,,100,,,,,,,,,,,,,未鉴定装备,45品优秀,武当鞋子
5,27,5,7,0,素简短靴,未鉴定装备,[ffce49]未鉴定的[-][3376FFFF]精良的[-][ffce49]45等级武当鞋子[-]<enter>[CCAF97FF]样子虽平常，但质量很不错。[-],◆最多可持有1000个,Equip_Wd_Shoes02_01,Equip_Wd,45,148235,0,0,,,,27,27,20,0,480,2,1000,1000,UnidentifiedEquip,1,1,2,,,,,,,,,,100,,,,,,,,,,,,,未鉴定装备,45品精良,武当鞋子
5,27,5,8,0,素简短靴,未鉴定装备,[ffce49]未鉴定的[-][923DF1FF]稀有的[-][ffce49]45等级武当鞋子[-]<enter>[CCAF97FF]材质数上乘，但做工略粗糙。[-],◆最多可持有1000个,Equip_Wd_Shoes02_01,Equip_Wd,45,185294,0,0,,,,27,27,20,0,600,3,1000,1000,UnidentifiedEquip,1,1,2,,,,,,,,,,100,,,,,,,,,,,,,未鉴定装备,45品稀有,武当鞋子
5,27,5,9,0,素简短靴,未鉴定装备,[ffce49]未鉴定的[-][C75224FF]卓越的[-][ffce49]45等级武当鞋子[-]<enter>[CCAF97FF]少有的宝物，但存在小瑕疵。[-],◆最多可持有1000个,Equip_Wd_Shoes02_01,Equip_Wd,45,222352,0,0,,,,27,27,20,0,720,4,1000,1000,UnidentifiedEquip,1,1,2,,,,,,,,,,100,,,,,,,,,,,,,未鉴定装备,45品卓越,武当鞋子
5,27,5,10,0,素简短靴,未鉴定装备,[ffce49]未鉴定的[-][F09E0FFF]传说的[-][ffce49]45等级武当鞋子[-]<enter>[CCAF97FF]罕见的珍品，但光泽已暗淡。[-],◆最多可持有1000个,Equip_Wd_Shoes02_01,Equip_Wd,45,277941,0,0,,,,27,27,20,0,900,5,1000,1000,UnidentifiedEquip,1,1,2,,,,,,,,,,100,,,,,,,,,,,,,未鉴定装备,45品传说,武当鞋子
5,27,5,11,0,清风鞋,未鉴定装备,[ffce49]未鉴定的[-][238154FF]优秀的[-][ffce49]50等级武当鞋子[-]<enter>[CCAF97FF]侠士常带身边的物件。[-],◆最多可持有1000个,Equip_Wd_Shoes03_01,Equip_Wd,50,123529,1,0,50000,150000,5,27,27,40,0,600,1,1000,1000,UnidentifiedEquip,1,1,3,,,,,,,,,,100,1,20000,60000,10000,20000,120000,10000,2,2,30000,28800,,未鉴定装备,50品优秀,武当鞋子
5,27,5,12,0,清风鞋,未鉴定装备,[ffce49]未鉴定的[-][3376FFFF]精良的[-][ffce49]50等级武当鞋子[-]<enter>[CCAF97FF]当铺内高价才能购得。[-],◆最多可持有1000个,Equip_Wd_Shoes03_01,Equip_Wd,50,164705,1,0,50000,150000,5,27,27,40,0,800,2,1000,1000,UnidentifiedEquip,1,1,3,,,,,,,,,,100,1,60000,180000,10000,60000,360000,10000,2,2,30000,28800,,未鉴定装备,50品精良,武当鞋子
5,27,5,13,0,清风鞋,未鉴定装备,[ffce49]未鉴定的[-][923DF1FF]稀有的[-][ffce49]50等级武当鞋子[-]<enter>[CCAF97FF]巧手工匠制造的良品。[-],◆最多可持有1000个,Equip_Wd_Shoes03_01,Equip_Wd,50,205882,1,0,100000,300000,5,27,27,40,0,1000,3,1000,1000,UnidentifiedEquip,1,1,3,,,,,,,,,,100,1,250000,750000,50000,250000,1500000,50000,2,2,30000,28800,,未鉴定装备,50品稀有,武当鞋子
5,27,5,14,0,清风鞋,未鉴定装备,[ffce49]未鉴定的[-][C75224FF]卓越的[-][ffce49]50等级武当鞋子[-]<enter>[CCAF97FF]显赫家族祖传的法宝。[-],◆最多可持有1000个,Equip_Wd_Shoes03_01,Equip_Wd,50,247058,1,0,200000,600000,5,27,27,40,0,1200,4,1000,1000,UnidentifiedEquip,1,1,3,,,,,,,,,,100,1,1000000,3000000,200000,1000000,6000000,200000,2,2,30000,28800,,未鉴定装备,50品卓越,武当鞋子
5,27,5,15,0,清风鞋,未鉴定装备,[ffce49]未鉴定的[-][F09E0FFF]传说的[-][ffce49]50等级武当鞋子[-]<enter>[CCAF97FF]为王侯们特制的贡品。[-],◆最多可持有1000个,Equip_Wd_Shoes03_01,Equip_Wd,50,308823,1,0,250000,750000,5,27,27,40,0,1500,5,1000,1000,UnidentifiedEquip,1,1,3,,,,,,,,,,100,1,4000000,12000000,800000,4000000,24000000,800000,2,2,30000,28800,,未鉴定装备,50品传说,武当鞋子
5,27,5,16,0,三清履,未鉴定装备,[ffce49]未鉴定的[-][238154FF]优秀的[-][ffce49]75等级武当鞋子[-]<enter>[CCAF97FF]精巧入微，上等的材质配上精工艺。[-],◆最多可持有1000个,Equip_Wd_Shoes04_01,Equip_Wd,75,185294,1,0,300000,900000,5,27,27,40,0,840,1,1000,1000,UnidentifiedEquip,1,1,4,,,,,,,,,,100,1,510000,1530000,100000,510000,3060000,100000,2,2,30000,28800,,未鉴定装备,75品优秀,武当鞋子
5,27,5,17,0,三清履,未鉴定装备,[ffce49]未鉴定的[-][3376FFFF]精良的[-][ffce49]75等级武当鞋子[-]<enter>[CCAF97FF]惊艳异常，华美的外表难掩英雄气。[-],◆最多可持有1000个,Equip_Wd_Shoes04_01,Equip_Wd,75,247058,1,0,1000000,3000000,5,27,27,40,0,1120,2,1000,1000,UnidentifiedEquip,1,1,4,,,,,,,,,,100,1,1280000,3840000,250000,1280000,7680000,250000,2,2,30000,28800,,未鉴定装备,75品精良,武当鞋子
5,27,5,18,0,三清履,未鉴定装备,[ffce49]未鉴定的[-][923DF1FF]稀有的[-][ffce49]75等级武当鞋子[-]<enter>[CCAF97FF]微光莹莹，流露着一股不寻常气息。[-],◆最多可持有1000个,Equip_Wd_Shoes04_01,Equip_Wd,75,308823,1,0,3000000,9000000,5,27,27,40,0,1400,3,1000,1000,UnidentifiedEquip,1,1,4,,,,,,,,,,100,1,3200000,9600000,640000,3200000,19200000,640000,2,2,30000,28800,,未鉴定装备,75品稀有,武当鞋子
5,27,5,19,0,三清履,未鉴定装备,[ffce49]未鉴定的[-][C75224FF]卓越的[-][ffce49]75等级武当鞋子[-]<enter>[CCAF97FF]熠熠生辉，散发着耀眼的迷人光芒。[-],◆最多可持有1000个,Equip_Wd_Shoes04_01,Equip_Wd,75,370588,1,0,8000000,24000000,2,27,27,40,0,1680,4,1000,1000,UnidentifiedEquip,1,1,4,,,,,,,,,,100,1,8000000,24000000,1600000,8000000,48000000,1600000,2,2,30000,28800,,未鉴定装备,75品卓越,武当鞋子
5,27,5,20,0,三清履,未鉴定装备,[ffce49]未鉴定的[-][F09E0FFF]传说的[-][ffce49]75等级武当鞋子[-]<enter>[CCAF97FF]鬼斧神工，不知出自哪位大师之手。[-],◆最多可持有1000个,Equip_Wd_Shoes04_01,Equip_Wd,75,463235,1,0,20000000,60000000,1,27,27,40,0,2100,5,1000,1000,UnidentifiedEquip,1,1,4,,,,,,,,,,100,1,20000000,60000000,4000000,20000000,120000000,4000000,2,2,30000,28800,,未鉴定装备,75品传说,武当鞋子
5,27,5,519,0,发光的三清履,未鉴定装备,[ffce49]未鉴定的[-][C75224FF]卓越的[-][ffce49]75等级武当鞋子[-]<enter>[ffce49]◆一定可以鉴定出带有套装属性的装备。[-],◆最多可持有1000个,Equip_Wd_Shoes04_01,Equip_Wd,75,370588,1,0,24000000,72000000,2,27,27,40,0,1680,4,1000,1000,custom_identify_equip,1,1,504,,,,,,,,,,0,1,24000000,72000000,4800000,24000000,144000000,4800000,2,2,30000,28800,,未鉴定装备,75品卓越,武当鞋子
5,27,5,520,0,发光的三清履,未鉴定装备,[ffce49]未鉴定的[-][F09E0FFF]传说的[-][ffce49]75等级武当鞋子[-]<enter>[ffce49]◆一定可以鉴定出带有套装属性的装备。[-],◆最多可持有1000个,Equip_Wd_Shoes04_01,Equip_Wd,75,463235,1,0,60000000,180000000,1,27,27,40,0,2100,5,1000,1000,custom_identify_equip,1,1,504,,,,,,,,,,0,1,60000000,180000000,12000000,60000000,360000000,12000000,2,2,30000,28800,,未鉴定装备,75品传说,武当鞋子
5,27,101,1,0,素铁履,未鉴定装备,[ffce49]未鉴定的[-][238154FF]优秀的[-][ffce49]30等级天王鞋子[-]<enter>[CCAF97FF]边角处有些破损。[-],◆最多可持有1000个,Equip_Tw_Shoes01_01,Equip_Tw,30,34054,0,0,,,,13,13,1,1,18,1,1000,1000,custom_identify_equip,1,1,1,,,,,,,,1,,0,,,,,,,,,,,,,未鉴定装备,,
5,27,101,2,0,素铁履,未鉴定装备,[7e6641]玄金 [-][e5d5c2]57[-]<enter>[7e6641]生命 [-][e5d5c2]1235[-]<enter>[7e6641]防御 [-][e5d5c2]53[-]<enter>[7e6641]暴击伤害 [-][e5d5c2]209[-]<enter><enter>[608C40]暴击伤害 +272[-]<enter>[608C40]生命回复 +33[-]<enter>[608C40]暴击 +125[-],◆最多可持有1000个,Equip_Tw_Shoes01_01,Equip_Tw,30,45405,0,0,,,,27,27,1,1,24,2,1000,1000,custom_identify_equip_autouse_shortuse,1,1,1,,,,,,,,0,,0,,,,,,,,,,,,,未鉴定装备,,
5,27,102,1,0,新竹靴,未鉴定装备,[ffce49]未鉴定的[-][238154FF]优秀的[-][ffce49]30等级唐门鞋子[-]<enter>[CCAF97FF]边角处有些破损。[-],◆最多可持有1000个,Equip_Tm_Shoes01_01,Equip_Tm,30,34054,0,0,,,,13,13,1,1,18,1,1000,1000,custom_identify_equip,1,1,1,,,,,,,,1,,0,,,,,,,,,,,,,未鉴定装备,,
5,27,102,2,0,新竹靴,未鉴定装备,[7e6641]隐木 [-][e5d5c2]57[-]<enter>[7e6641]生命 [-][e5d5c2]1235[-]<enter>[7e6641]防御 [-][e5d5c2]53[-]<enter>[7e6641]暴击伤害 [-][e5d5c2]209[-]<enter><enter>[608C40]暴击伤害 +272[-]<enter>[608C40]生命回复 +33[-]<enter>[608C40]暴击 +125[-],◆最多可持有1000个,Equip_Tm_Shoes01_01,Equip_Tm,30,45405,0,0,,,,27,27,1,1,24,2,1000,1000,custom_identify_equip_autouse_shortuse,1,1,1,,,,,,,,0,,0,,,,,,,,,,,,,未鉴定装备,,
5,27,103,1,0,清荷履,未鉴定装备,[ffce49]未鉴定的[-][238154FF]优秀的[-][ffce49]30等级峨眉鞋子[-]<enter>[CCAF97FF]边角处有些破损。[-],◆最多可持有1000个,Equip_Em_Shoes01_01,Equip_Em,30,34054,0,0,,,,13,13,1,1,18,1,1000,1000,custom_identify_equip,1,1,1,,,,,,,,1,,0,,,,,,,,,,,,,未鉴定装备,,
5,27,103,2,0,清荷履,未鉴定装备,[7e6641]碧水 [-][e5d5c2]57[-]<enter>[7e6641]生命 [-][e5d5c2]1235[-]<enter>[7e6641]防御 [-][e5d5c2]53[-]<enter>[7e6641]暴击伤害 [-][e5d5c2]209[-]<enter><enter>[608C40]暴击伤害 +272[-]<enter>[608C40]生命回复 +33[-]<enter>[608C40]暴击 +125[-],◆最多可持有1000个,Equip_Em_Shoes01_01,Equip_Em,30,45405,0,0,,,,27,27,1,1,24,2,1000,1000,custom_identify_equip_autouse_shortuse,1,1,1,,,,,,,,0,,0,,,,,,,,,,,,,未鉴定装备,,
5,27,104,1,0,星火硬靴,未鉴定装备,[ffce49]未鉴定的[-][238154FF]优秀的[-][ffce49]30等级天忍鞋子[-]<enter>[CCAF97FF]边角处有些破损。[-],◆最多可持有1000个,Equip_Tr_Shoes01_01,Equip_Tr,30,34054,0,0,,,,13,13,1,1,18,1,1000,1000,custom_identify_equip,1,1,1,,,,,,,,1,,0,,,,,,,,,,,,,未鉴定装备,,
5,27,104,2,0,星火硬靴,未鉴定装备,[7e6641]劫火 [-][e5d5c2]57[-]<enter>[7e6641]生命 [-][e5d5c2]1235[-]<enter>[7e6641]防御 [-][e5d5c2]53[-]<enter>[7e6641]暴击伤害 [-][e5d5c2]209[-]<enter><enter>[608C40]暴击伤害 +272[-]<enter>[608C40]生命回复 +33[-]<enter>[608C40]暴击 +125[-],◆最多可持有1000个,Equip_Tr_Shoes01_01,Equip_Tr,30,45405,0,0,,,,27,27,1,1,24,2,1000,1000,custom_identify_equip_autouse_shortuse,1,1,1,,,,,,,,0,,0,,,,,,,,,,,,,未鉴定装备,,
5,27,105,1,0,砺石短靴,未鉴定装备,[ffce49]未鉴定的[-][238154FF]优秀的[-][ffce49]30等级武当鞋子[-]<enter>[CCAF97FF]边角处有些破损。[-],◆最多可持有1000个,Equip_Wd_Shoes01_01,Equip_Wd,30,34054,0,0,,,,13,13,1,1,18,1,1000,1000,custom_identify_equip,1,1,1,,,,,,,,1,,0,,,,,,,,,,,,,未鉴定装备,,
5,27,105,2,0,砺石短靴,未鉴定装备,[7e6641]厚土 [-][e5d5c2]57[-]<enter>[7e6641]生命 [-][e5d5c2]1235[-]<enter>[7e6641]防御 [-][e5d5c2]53[-]<enter>[7e6641]暴击伤害 [-][e5d5c2]209[-]<enter><enter>[608C40]暴击伤害 +272[-]<enter>[608C40]生命回复 +33[-]<enter>[608C40]暴击 +125[-],◆最多可持有1000个,Equip_Wd_Shoes01_01,Equip_Wd,30,45405,0,0,,,,27,27,1,1,24,2,1000,1000,custom_identify_equip_autouse_shortuse,1,1,1,,,,,,,,0,,0,,,,,,,,,,,,,未鉴定装备,,
5,27,101,3,0,素铁履,未鉴定装备,[ffce49]未鉴定的[-][C75224FF]卓越的[-][ffce49]30等级天王鞋子[-]<enter>[CCAF97FF]看上去平淡无奇。[-],◆最多可持有1000个,Equip_Tw_Shoes01_01,Equip_Tw,30,148235,0,0,,,,27,27,1,0,36,4,1000,1000,UnidentifiedEquip,1,1,1,,,,,,,,1,,0,,,,,,,,,,,,,未鉴定装备,30品卓越,天王鞋子
5,27,102,3,0,新竹靴,未鉴定装备,[ffce49]未鉴定的[-][C75224FF]卓越的[-][ffce49]30等级唐门鞋子[-]<enter>[CCAF97FF]看上去平淡无奇。[-],◆最多可持有1000个,Equip_Tm_Shoes01_01,Equip_Tm,30,148235,0,0,,,,27,27,1,0,36,4,1000,1000,UnidentifiedEquip,1,1,1,,,,,,,,1,,0,,,,,,,,,,,,,未鉴定装备,30品卓越,唐门鞋子
5,27,103,3,0,清荷履,未鉴定装备,[ffce49]未鉴定的[-][C75224FF]卓越的[-][ffce49]30等级峨眉鞋子[-]<enter>[CCAF97FF]看上去平淡无奇。[-],◆最多可持有1000个,Equip_Em_Shoes01_01,Equip_Em,30,148235,0,0,,,,27,27,1,0,36,4,1000,1000,UnidentifiedEquip,1,1,1,,,,,,,,1,,0,,,,,,,,,,,,,未鉴定装备,30品卓越,峨眉鞋子
5,27,104,3,0,星火硬靴,未鉴定装备,[ffce49]未鉴定的[-][C75224FF]卓越的[-][ffce49]30等级天忍鞋子[-]<enter>[CCAF97FF]看上去平淡无奇。[-],◆最多可持有1000个,Equip_Tr_Shoes01_01,Equip_Tr,30,148235,0,0,,,,27,27,1,0,36,4,1000,1000,UnidentifiedEquip,1,1,1,,,,,,,,1,,0,,,,,,,,,,,,,未鉴定装备,30品卓越,天忍鞋子
5,27,105,3,0,砺石短靴,未鉴定装备,[ffce49]未鉴定的[-][C75224FF]卓越的[-][ffce49]30等级武当鞋子[-]<enter>[CCAF97FF]看上去平淡无奇。[-],◆最多可持有1000个,Equip_Wd_Shoes01_01,Equip_Wd,30,148235,0,0,,,,27,27,1,0,36,4,1000,1000,UnidentifiedEquip,1,1,1,,,,,,,,1,,0,,,,,,,,,,,,,未鉴定装备,30品卓越,武当鞋子
5,27,201,1,0,充值返利装备,未鉴定装备,[ffce49]未鉴定的[-][F09E0FFF]传说的[-][ffce49]75等级天王鞋子[-]<enter>[CCAF97FF]鬼斧神工，不知出自哪位大师之手。[-],◆最多可持有1000个,Equip_Tw_Shoes04_01,Equip_Tw,75,432352,0,0,,,,22,22,40,0,100,5,1000,1000,custom_identify_equip_autouse,1,1,4,,,,,,,,,,0,,,,,,,,,,,,,充值返利装备,75品传说,天王鞋子
5,27,201,2,0,充值返利装备,未鉴定装备,[ffce49]未鉴定的[-][F09E0FFF]传说的[-][ffce49]75等级天王鞋子[-]<enter>[CCAF97FF]鬼斧神工，不知出自哪位大师之手。[-],◆最多可持有1000个,Equip_Tw_Shoes04_01,Equip_Tw,75,432352,0,0,,,,22,22,40,0,100,5,1000,1000,custom_identify_equip_autouse,1,1,4,,,,,,,,,,0,,,,,,,,,,,,,充值返利装备,75品传说,天王鞋子
5,27,201,3,0,充值返利装备,未鉴定装备,[ffce49]未鉴定的[-][F09E0FFF]传说的[-][ffce49]75等级天王鞋子[-]<enter>[CCAF97FF]鬼斧神工，不知出自哪位大师之手。[-],◆最多可持有1000个,Equip_Tw_Shoes04_01,Equip_Tw,75,432352,0,0,,,,22,22,40,0,100,5,1000,1000,custom_identify_equip_autouse,1,1,4,,,,,,,,,,0,,,,,,,,,,,,,充值返利装备,75品传说,天王鞋子
5,27,201,4,0,充值返利装备,未鉴定装备,[ffce49]未鉴定的[-][F09E0FFF]传说的[-][ffce49]75等级天王鞋子[-]<enter>[CCAF97FF]鬼斧神工，不知出自哪位大师之手。[-],◆最多可持有1000个,Equip_Tw_Shoes04_01,Equip_Tw,75,432352,0,0,,,,22,22,40,0,100,5,1000,1000,custom_identify_equip_autouse,1,1,4,,,,,,,,,,0,,,,,,,,,,,,,充值返利装备,75品传说,天王鞋子
5,27,202,1,0,充值返利装备,未鉴定装备,[ffce49]未鉴定的[-][F09E0FFF]传说的[-][ffce49]75等级唐门鞋子[-]<enter>[CCAF97FF]鬼斧神工，不知出自哪位大师之手。[-],◆最多可持有1000个,Equip_Tm_Shoes04_01,Equip_Tm,75,432352,0,0,,,,22,22,40,0,100,5,1000,1000,custom_identify_equip_autouse,1,1,4,,,,,,,,,,0,,,,,,,,,,,,,充值返利装备,75品传说,唐门鞋子
5,27,202,2,0,充值返利装备,未鉴定装备,[ffce49]未鉴定的[-][F09E0FFF]传说的[-][ffce49]75等级唐门鞋子[-]<enter>[CCAF97FF]鬼斧神工，不知出自哪位大师之手。[-],◆最多可持有1000个,Equip_Tm_Shoes04_01,Equip_Tm,75,432352,0,0,,,,22,22,40,0,100,5,1000,1000,custom_identify_equip_autouse,1,1,4,,,,,,,,,,0,,,,,,,,,,,,,充值返利装备,75品传说,唐门鞋子
5,27,202,3,0,充值返利装备,未鉴定装备,[ffce49]未鉴定的[-][F09E0FFF]传说的[-][ffce49]75等级唐门鞋子[-]<enter>[CCAF97FF]鬼斧神工，不知出自哪位大师之手。[-],◆最多可持有1000个,Equip_Tm_Shoes04_01,Equip_Tm,75,432352,0,0,,,,22,22,40,0,100,5,1000,1000,custom_identify_equip_autouse,1,1,4,,,,,,,,,,0,,,,,,,,,,,,,充值返利装备,75品传说,唐门鞋子
5,27,202,4,0,充值返利装备,未鉴定装备,[ffce49]未鉴定的[-][F09E0FFF]传说的[-][ffce49]75等级唐门鞋子[-]<enter>[CCAF97FF]鬼斧神工，不知出自哪位大师之手。[-],◆最多可持有1000个,Equip_Tm_Shoes04_01,Equip_Tm,75,432352,0,0,,,,22,22,40,0,100,5,1000,1000,custom_identify_equip_autouse,1,1,4,,,,,,,,,,0,,,,,,,,,,,,,充值返利装备,75品传说,唐门鞋子
5,27,203,1,0,充值返利装备,未鉴定装备,[ffce49]未鉴定的[-][F09E0FFF]传说的[-][ffce49]75等级峨眉鞋子[-]<enter>[CCAF97FF]鬼斧神工，不知出自哪位大师之手。[-],◆最多可持有1000个,Equip_Em_Shoes04_01,Equip_Em,75,432352,0,0,,,,22,22,40,0,100,5,1000,1000,custom_identify_equip_autouse,1,1,4,,,,,,,,,,0,,,,,,,,,,,,,充值返利装备,75品传说,峨眉鞋子
5,27,203,2,0,充值返利装备,未鉴定装备,[ffce49]未鉴定的[-][F09E0FFF]传说的[-][ffce49]75等级峨眉鞋子[-]<enter>[CCAF97FF]鬼斧神工，不知出自哪位大师之手。[-],◆最多可持有1000个,Equip_Em_Shoes04_01,Equip_Em,75,432352,0,0,,,,22,22,40,0,100,5,1000,1000,custom_identify_equip_autouse,1,1,4,,,,,,,,,,0,,,,,,,,,,,,,充值返利装备,75品传说,峨眉鞋子
5,27,203,3,0,充值返利装备,未鉴定装备,[ffce49]未鉴定的[-][F09E0FFF]传说的[-][ffce49]75等级峨眉鞋子[-]<enter>[CCAF97FF]鬼斧神工，不知出自哪位大师之手。[-],◆最多可持有1000个,Equip_Em_Shoes04_01,Equip_Em,75,432352,0,0,,,,22,22,40,0,100,5,1000,1000,custom_identify_equip_autouse,1,1,4,,,,,,,,,,0,,,,,,,,,,,,,充值返利装备,75品传说,峨眉鞋子
5,27,203,4,0,充值返利装备,未鉴定装备,[ffce49]未鉴定的[-][F09E0FFF]传说的[-][ffce49]75等级峨眉鞋子[-]<enter>[CCAF97FF]鬼斧神工，不知出自哪位大师之手。[-],◆最多可持有1000个,Equip_Em_Shoes04_01,Equip_Em,75,432352,0,0,,,,22,22,40,0,100,5,1000,1000,custom_identify_equip_autouse,1,1,4,,,,,,,,,,0,,,,,,,,,,,,,充值返利装备,75品传说,峨眉鞋子
5,27,204,1,0,充值返利装备,未鉴定装备,[ffce49]未鉴定的[-][F09E0FFF]传说的[-][ffce49]75等级天忍鞋子[-]<enter>[CCAF97FF]鬼斧神工，不知出自哪位大师之手。[-],◆最多可持有1000个,Equip_Tr_Shoes04_01,Equip_Tr,75,432352,0,0,,,,22,22,40,0,100,5,1000,1000,custom_identify_equip_autouse,1,1,4,,,,,,,,,,0,,,,,,,,,,,,,充值返利装备,75品传说,天忍鞋子
5,27,204,2,0,充值返利装备,未鉴定装备,[ffce49]未鉴定的[-][F09E0FFF]传说的[-][ffce49]75等级天忍鞋子[-]<enter>[CCAF97FF]鬼斧神工，不知出自哪位大师之手。[-],◆最多可持有1000个,Equip_Tr_Shoes04_01,Equip_Tr,75,432352,0,0,,,,22,22,40,0,100,5,1000,1000,custom_identify_equip_autouse,1,1,4,,,,,,,,,,0,,,,,,,,,,,,,充值返利装备,75品传说,天忍鞋子
5,27,204,3,0,充值返利装备,未鉴定装备,[ffce49]未鉴定的[-][F09E0FFF]传说的[-][ffce49]75等级天忍鞋子[-]<enter>[CCAF97FF]鬼斧神工，不知出自哪位大师之手。[-],◆最多可持有1000个,Equip_Tr_Shoes04_01,Equip_Tr,75,432352,0,0,,,,22,22,40,0,100,5,1000,1000,custom_identify_equip_autouse,1,1,4,,,,,,,,,,0,,,,,,,,,,,,,充值返利装备,75品传说,天忍鞋子
5,27,204,4,0,充值返利装备,未鉴定装备,[ffce49]未鉴定的[-][F09E0FFF]传说的[-][ffce49]75等级天忍鞋子[-]<enter>[CCAF97FF]鬼斧神工，不知出自哪位大师之手。[-],◆最多可持有1000个,Equip_Tr_Shoes04_01,Equip_Tr,75,432352,0,0,,,,22,22,40,0,100,5,1000,1000,custom_identify_equip_autouse,1,1,4,,,,,,,,,,0,,,,,,,,,,,,,充值返利装备,75品传说,天忍鞋子
5,27,205,1,0,充值返利装备,未鉴定装备,[ffce49]未鉴定的[-][F09E0FFF]传说的[-][ffce49]75等级武当鞋子[-]<enter>[CCAF97FF]鬼斧神工，不知出自哪位大师之手。[-],◆最多可持有1000个,Equip_Wd_Shoes04_01,Equip_Wd,75,432352,0,0,,,,22,22,40,0,100,5,1000,1000,custom_identify_equip_autouse,1,1,4,,,,,,,,,,0,,,,,,,,,,,,,充值返利装备,75品传说,武当鞋子
5,27,205,2,0,充值返利装备,未鉴定装备,[ffce49]未鉴定的[-][F09E0FFF]传说的[-][ffce49]75等级武当鞋子[-]<enter>[CCAF97FF]鬼斧神工，不知出自哪位大师之手。[-],◆最多可持有1000个,Equip_Wd_Shoes04_01,Equip_Wd,75,432352,0,0,,,,22,22,40,0,100,5,1000,1000,custom_identify_equip_autouse,1,1,4,,,,,,,,,,0,,,,,,,,,,,,,充值返利装备,75品传说,武当鞋子
5,27,205,3,0,充值返利装备,未鉴定装备,[ffce49]未鉴定的[-][F09E0FFF]传说的[-][ffce49]75等级武当鞋子[-]<enter>[CCAF97FF]鬼斧神工，不知出自哪位大师之手。[-],◆最多可持有1000个,Equip_Wd_Shoes04_01,Equip_Wd,75,432352,0,0,,,,22,22,40,0,100,5,1000,1000,custom_identify_equip_autouse,1,1,4,,,,,,,,,,0,,,,,,,,,,,,,充值返利装备,75品传说,武当鞋子
5,27,205,4,0,充值返利装备,未鉴定装备,[ffce49]未鉴定的[-][F09E0FFF]传说的[-][ffce49]75等级武当鞋子[-]<enter>[CCAF97FF]鬼斧神工，不知出自哪位大师之手。[-],◆最多可持有1000个,Equip_Wd_Shoes04_01,Equip_Wd,75,432352,0,0,,,,22,22,40,0,100,5,1000,1000,custom_identify_equip_autouse,1,1,4,,,,,,,,,,0,,,,,,,,,,,,,充值返利装备,75品传说,武当鞋子
5,27,301,1,0,25W战力装备,未鉴定装备,[ffce49]未鉴定的[-][F09E0FFF]传说的[-][ffce49]75等级天王上衣[-]<enter>[CCAF97FF]鬼斧神工，不知出自哪位大师之手。[-],◆最多可持有1000个,Equip_Tw_Body04_01,Equip_Tw,75,432352,0,0,,,,22,22,40,0,100,5,1000,1000,custom_identify_equip_autouse,1,1,4,,,,,,,,,,0,,,,,,,,,,,,,运营活动装备,75品传说,天王上衣
5,27,302,1,0,25W战力装备,未鉴定装备,[ffce49]未鉴定的[-][F09E0FFF]传说的[-][ffce49]75等级唐门上衣[-]<enter>[CCAF97FF]鬼斧神工，不知出自哪位大师之手。[-],◆最多可持有1000个,Equip_Tm_Body04_01,Equip_Tm,75,432352,0,0,,,,22,22,40,0,100,5,1000,1000,custom_identify_equip_autouse,1,1,4,,,,,,,,,,0,,,,,,,,,,,,,运营活动装备,75品传说,唐门上衣
5,27,303,1,0,25W战力装备,未鉴定装备,[ffce49]未鉴定的[-][F09E0FFF]传说的[-][ffce49]75等级峨眉上衣[-]<enter>[CCAF97FF]鬼斧神工，不知出自哪位大师之手。[-],◆最多可持有1000个,Equip_Em_Body04_01,Equip_Em,75,432352,0,0,,,,22,22,40,0,100,5,1000,1000,custom_identify_equip_autouse,1,1,4,,,,,,,,,,0,,,,,,,,,,,,,运营活动装备,75品传说,峨眉上衣
5,27,304,1,0,25W战力装备,未鉴定装备,[ffce49]未鉴定的[-][F09E0FFF]传说的[-][ffce49]75等级天忍上衣[-]<enter>[CCAF97FF]鬼斧神工，不知出自哪位大师之手。[-],◆最多可持有1000个,Equip_Tr_Body04_01,Equip_Tr,75,432352,0,0,,,,22,22,40,0,100,5,1000,1000,custom_identify_equip_autouse,1,1,4,,,,,,,,,,0,,,,,,,,,,,,,运营活动装备,75品传说,天忍上衣
5,27,305,1,0,25W战力装备,未鉴定装备,[ffce49]未鉴定的[-][F09E0FFF]传说的[-][ffce49]75等级武当上衣[-]<enter>[CCAF97FF]鬼斧神工，不知出自哪位大师之手。[-],◆最多可持有1000个,Equip_Wd_Body04_01,Equip_Wd,75,432352,0,0,,,,22,22,40,0,100,5,1000,1000,custom_identify_equip_autouse,1,1,4,,,,,,,,,,0,,,,,,,,,,,,,运营活动装备,75品传说,武当上衣
5,27,301,2,0,20W战力装备,未鉴定装备,[ffce49]未鉴定的[-][F09E0FFF]传说的[-][ffce49]75等级天王上衣[-]<enter>[CCAF97FF]鬼斧神工，不知出自哪位大师之手。[-],◆最多可持有1000个,Equip_Tw_Body04_01,Equip_Tw,75,432352,0,0,,,,22,22,40,0,100,5,1000,1000,custom_identify_equip_autouse,1,1,4,,,,,,,,,,0,,,,,,,,,,,,,运营活动装备,75品传说,天王上衣
5,27,302,2,0,20W战力装备,未鉴定装备,[ffce49]未鉴定的[-][F09E0FFF]传说的[-][ffce49]75等级唐门上衣[-]<enter>[CCAF97FF]鬼斧神工，不知出自哪位大师之手。[-],◆最多可持有1000个,Equip_Tm_Body04_01,Equip_Tm,75,432352,0,0,,,,22,22,40,0,100,5,1000,1000,custom_identify_equip_autouse,1,1,4,,,,,,,,,,0,,,,,,,,,,,,,运营活动装备,75品传说,唐门上衣
5,27,303,2,0,20W战力装备,未鉴定装备,[ffce49]未鉴定的[-][F09E0FFF]传说的[-][ffce49]75等级峨眉上衣[-]<enter>[CCAF97FF]鬼斧神工，不知出自哪位大师之手。[-],◆最多可持有1000个,Equip_Em_Body04_01,Equip_Em,75,432352,0,0,,,,22,22,40,0,100,5,1000,1000,custom_identify_equip_autouse,1,1,4,,,,,,,,,,0,,,,,,,,,,,,,运营活动装备,75品传说,峨眉上衣
5,27,304,2,0,20W战力装备,未鉴定装备,[ffce49]未鉴定的[-][F09E0FFF]传说的[-][ffce49]75等级天忍上衣[-]<enter>[CCAF97FF]鬼斧神工，不知出自哪位大师之手。[-],◆最多可持有1000个,Equip_Tr_Body04_01,Equip_Tr,75,432352,0,0,,,,22,22,40,0,100,5,1000,1000,custom_identify_equip_autouse,1,1,4,,,,,,,,,,0,,,,,,,,,,,,,运营活动装备,75品传说,天忍上衣
5,27,305,2,0,20W战力装备,未鉴定装备,[ffce49]未鉴定的[-][F09E0FFF]传说的[-][ffce49]75等级武当上衣[-]<enter>[CCAF97FF]鬼斧神工，不知出自哪位大师之手。[-],◆最多可持有1000个,Equip_Wd_Body04_01,Equip_Wd,75,432352,0,0,,,,22,22,40,0,100,5,1000,1000,custom_identify_equip_autouse,1,1,4,,,,,,,,,,0,,,,,,,,,,,,,运营活动装备,75品传说,武当上衣
5,27,301,3,0,15W战力装备,未鉴定装备,[ffce49]未鉴定的[-][F09E0FFF]传说的[-][ffce49]75等级天王上衣[-]<enter>[CCAF97FF]鬼斧神工，不知出自哪位大师之手。[-],◆最多可持有1000个,Equip_Tw_Body04_01,Equip_Tw,75,432352,0,0,,,,22,22,40,0,100,5,1000,1000,custom_identify_equip_autouse,1,1,4,,,,,,,,,,0,,,,,,,,,,,,,运营活动装备,75品传说,天王上衣
5,27,302,3,0,15W战力装备,未鉴定装备,[ffce49]未鉴定的[-][F09E0FFF]传说的[-][ffce49]75等级唐门上衣[-]<enter>[CCAF97FF]鬼斧神工，不知出自哪位大师之手。[-],◆最多可持有1000个,Equip_Tm_Body04_01,Equip_Tm,75,432352,0,0,,,,22,22,40,0,100,5,1000,1000,custom_identify_equip_autouse,1,1,4,,,,,,,,,,0,,,,,,,,,,,,,运营活动装备,75品传说,唐门上衣
5,27,303,3,0,15W战力装备,未鉴定装备,[ffce49]未鉴定的[-][F09E0FFF]传说的[-][ffce49]75等级峨眉上衣[-]<enter>[CCAF97FF]鬼斧神工，不知出自哪位大师之手。[-],◆最多可持有1000个,Equip_Em_Body04_01,Equip_Em,75,432352,0,0,,,,22,22,40,0,100,5,1000,1000,custom_identify_equip_autouse,1,1,4,,,,,,,,,,0,,,,,,,,,,,,,运营活动装备,75品传说,峨眉上衣
5,27,304,3,0,15W战力装备,未鉴定装备,[ffce49]未鉴定的[-][F09E0FFF]传说的[-][ffce49]75等级天忍上衣[-]<enter>[CCAF97FF]鬼斧神工，不知出自哪位大师之手。[-],◆最多可持有1000个,Equip_Tr_Body04_01,Equip_Tr,75,432352,0,0,,,,22,22,40,0,100,5,1000,1000,custom_identify_equip_autouse,1,1,4,,,,,,,,,,0,,,,,,,,,,,,,运营活动装备,75品传说,天忍上衣
5,27,305,3,0,15W战力装备,未鉴定装备,[ffce49]未鉴定的[-][F09E0FFF]传说的[-][ffce49]75等级武当上衣[-]<enter>[CCAF97FF]鬼斧神工，不知出自哪位大师之手。[-],◆最多可持有1000个,Equip_Wd_Body04_01,Equip_Wd,75,432352,0,0,,,,22,22,40,0,100,5,1000,1000,custom_identify_equip_autouse,1,1,4,,,,,,,,,,0,,,,,,,,,,,,,运营活动装备,75品传说,武当上衣
5,27,301,4,0,32W战力装备,未鉴定装备,[ffce49]未鉴定的[-][F09E0FFF]传说的[-][ffce49]75等级天王上衣[-]<enter>[CCAF97FF]鬼斧神工，不知出自哪位大师之手。[-],◆最多可持有1000个,Equip_Tw_Body04_01,Equip_Tw,75,432352,0,0,,,,22,22,40,0,100,5,1000,1000,custom_identify_equip_autouse,1,1,4,,,,,,,,,,0,,,,,,,,,,,,,运营活动装备,75品传说,天王上衣
5,27,302,4,0,32W战力装备,未鉴定装备,[ffce49]未鉴定的[-][F09E0FFF]传说的[-][ffce49]75等级唐门上衣[-]<enter>[CCAF97FF]鬼斧神工，不知出自哪位大师之手。[-],◆最多可持有1000个,Equip_Tm_Body04_01,Equip_Tm,75,432352,0,0,,,,22,22,40,0,100,5,1000,1000,custom_identify_equip_autouse,1,1,4,,,,,,,,,,0,,,,,,,,,,,,,运营活动装备,75品传说,唐门上衣
5,27,303,4,0,32W战力装备,未鉴定装备,[ffce49]未鉴定的[-][F09E0FFF]传说的[-][ffce49]75等级峨眉上衣[-]<enter>[CCAF97FF]鬼斧神工，不知出自哪位大师之手。[-],◆最多可持有1000个,Equip_Em_Body04_01,Equip_Em,75,432352,0,0,,,,22,22,40,0,100,5,1000,1000,custom_identify_equip_autouse,1,1,4,,,,,,,,,,0,,,,,,,,,,,,,运营活动装备,75品传说,峨眉上衣
5,27,304,4,0,32W战力装备,未鉴定装备,[ffce49]未鉴定的[-][F09E0FFF]传说的[-][ffce49]75等级天忍上衣[-]<enter>[CCAF97FF]鬼斧神工，不知出自哪位大师之手。[-],◆最多可持有1000个,Equip_Tr_Body04_01,Equip_Tr,75,432352,0,0,,,,22,22,40,0,100,5,1000,1000,custom_identify_equip_autouse,1,1,4,,,,,,,,,,0,,,,,,,,,,,,,运营活动装备,75品传说,天忍上衣
5,27,305,4,0,32W战力装备,未鉴定装备,[ffce49]未鉴定的[-][F09E0FFF]传说的[-][ffce49]75等级武当上衣[-]<enter>[CCAF97FF]鬼斧神工，不知出自哪位大师之手。[-],◆最多可持有1000个,Equip_Wd_Body04_01,Equip_Wd,75,432352,0,0,,,,22,22,40,0,100,5,1000,1000,custom_identify_equip_autouse,1,1,4,,,,,,,,,,0,,,,,,,,,,,,,运营活动装备,75品传说,武当上衣
5,27,301,5,0,36W战力装备,未鉴定装备,[ffce49]未鉴定的[-][F09E0FFF]传说的[-][ffce49]75等级天王上衣[-]<enter>[CCAF97FF]鬼斧神工，不知出自哪位大师之手。[-],◆最多可持有1000个,Equip_Tw_Body04_01,Equip_Tw,75,432352,0,0,,,,22,22,40,0,100,5,1000,1000,custom_identify_equip_autouse,1,1,4,,,,,,,,,,0,,,,,,,,,,,,,运营活动装备,75品传说,天王上衣
5,27,302,5,0,36W战力装备,未鉴定装备,[ffce49]未鉴定的[-][F09E0FFF]传说的[-][ffce49]75等级唐门上衣[-]<enter>[CCAF97FF]鬼斧神工，不知出自哪位大师之手。[-],◆最多可持有1000个,Equip_Tm_Body04_01,Equip_Tm,75,432352,0,0,,,,22,22,40,0,100,5,1000,1000,custom_identify_equip_autouse,1,1,4,,,,,,,,,,0,,,,,,,,,,,,,运营活动装备,75品传说,唐门上衣
5,27,303,5,0,36W战力装备,未鉴定装备,[ffce49]未鉴定的[-][F09E0FFF]传说的[-][ffce49]75等级峨眉上衣[-]<enter>[CCAF97FF]鬼斧神工，不知出自哪位大师之手。[-],◆最多可持有1000个,Equip_Em_Body04_01,Equip_Em,75,432352,0,0,,,,22,22,40,0,100,5,1000,1000,custom_identify_equip_autouse,1,1,4,,,,,,,,,,0,,,,,,,,,,,,,运营活动装备,75品传说,峨眉上衣
5,27,304,5,0,36W战力装备,未鉴定装备,[ffce49]未鉴定的[-][F09E0FFF]传说的[-][ffce49]75等级天忍上衣[-]<enter>[CCAF97FF]鬼斧神工，不知出自哪位大师之手。[-],◆最多可持有1000个,Equip_Tr_Body04_01,Equip_Tr,75,432352,0,0,,,,22,22,40,0,100,5,1000,1000,custom_identify_equip_autouse,1,1,4,,,,,,,,,,0,,,,,,,,,,,,,运营活动装备,75品传说,天忍上衣
5,27,305,5,0,36W战力装备,未鉴定装备,[ffce49]未鉴定的[-][F09E0FFF]传说的[-][ffce49]75等级武当上衣[-]<enter>[CCAF97FF]鬼斧神工，不知出自哪位大师之手。[-],◆最多可持有1000个,Equip_Wd_Body04_01,Equip_Wd,75,432352,0,0,,,,22,22,40,0,100,5,1000,1000,custom_identify_equip_autouse,1,1,4,,,,,,,,,,0,,,,,,,,,,,,,运营活动装备,75品传说,武当上衣
5,27,301,6,0,39W战力装备,未鉴定装备,[ffce49]未鉴定的[-][F09E0FFF]传说的[-][ffce49]75等级天王上衣[-]<enter>[CCAF97FF]鬼斧神工，不知出自哪位大师之手。[-],◆最多可持有1000个,Equip_Tw_Body04_01,Equip_Tw,75,432352,0,0,,,,22,22,40,0,100,5,1000,1000,custom_identify_equip_autouse,1,1,4,,,,,,,,,,0,,,,,,,,,,,,,运营活动装备,75品传说,天王上衣
5,27,302,6,0,39W战力装备,未鉴定装备,[ffce49]未鉴定的[-][F09E0FFF]传说的[-][ffce49]75等级唐门上衣[-]<enter>[CCAF97FF]鬼斧神工，不知出自哪位大师之手。[-],◆最多可持有1000个,Equip_Tm_Body04_01,Equip_Tm,75,432352,0,0,,,,22,22,40,0,100,5,1000,1000,custom_identify_equip_autouse,1,1,4,,,,,,,,,,0,,,,,,,,,,,,,运营活动装备,75品传说,唐门上衣
5,27,303,6,0,39W战力装备,未鉴定装备,[ffce49]未鉴定的[-][F09E0FFF]传说的[-][ffce49]75等级峨眉上衣[-]<enter>[CCAF97FF]鬼斧神工，不知出自哪位大师之手。[-],◆最多可持有1000个,Equip_Em_Body04_01,Equip_Em,75,432352,0,0,,,,22,22,40,0,100,5,1000,1000,custom_identify_equip_autouse,1,1,4,,,,,,,,,,0,,,,,,,,,,,,,运营活动装备,75品传说,峨眉上衣
5,27,304,6,0,39W战力装备,未鉴定装备,[ffce49]未鉴定的[-][F09E0FFF]传说的[-][ffce49]75等级天忍上衣[-]<enter>[CCAF97FF]鬼斧神工，不知出自哪位大师之手。[-],◆最多可持有1000个,Equip_Tr_Body04_01,Equip_Tr,75,432352,0,0,,,,22,22,40,0,100,5,1000,1000,custom_identify_equip_autouse,1,1,4,,,,,,,,,,0,,,,,,,,,,,,,运营活动装备,75品传说,天忍上衣
5,27,305,6,0,39W战力装备,未鉴定装备,[ffce49]未鉴定的[-][F09E0FFF]传说的[-][ffce49]75等级武当上衣[-]<enter>[CCAF97FF]鬼斧神工，不知出自哪位大师之手。[-],◆最多可持有1000个,Equip_Wd_Body04_01,Equip_Wd,75,432352,0,0,,,,22,22,40,0,100,5,1000,1000,custom_identify_equip_autouse,1,1,4,,,,,,,,,,0,,,,,,,,,,,,,运营活动装备,75品传说,武当上衣
5,27,301,7,0,44W战力装备,未鉴定装备,[ffce49]未鉴定的[-][F09E0FFF]传说的[-][ffce49]75等级天王上衣[-]<enter>[CCAF97FF]鬼斧神工，不知出自哪位大师之手。[-],◆最多可持有1000个,Equip_Tw_Body04_01,Equip_Tw,75,432352,0,0,,,,22,22,40,0,100,5,1000,1000,custom_identify_equip_autouse,1,1,4,,,,,,,,,,0,,,,,,,,,,,,,运营活动装备,75品传说,天王上衣
5,27,302,7,0,44W战力装备,未鉴定装备,[ffce49]未鉴定的[-][F09E0FFF]传说的[-][ffce49]75等级唐门上衣[-]<enter>[CCAF97FF]鬼斧神工，不知出自哪位大师之手。[-],◆最多可持有1000个,Equip_Tm_Body04_01,Equip_Tm,75,432352,0,0,,,,22,22,40,0,100,5,1000,1000,custom_identify_equip_autouse,1,1,4,,,,,,,,,,0,,,,,,,,,,,,,运营活动装备,75品传说,唐门上衣
5,27,303,7,0,44W战力装备,未鉴定装备,[ffce49]未鉴定的[-][F09E0FFF]传说的[-][ffce49]75等级峨眉上衣[-]<enter>[CCAF97FF]鬼斧神工，不知出自哪位大师之手。[-],◆最多可持有1000个,Equip_Em_Body04_01,Equip_Em,75,432352,0,0,,,,22,22,40,0,100,5,1000,1000,custom_identify_equip_autouse,1,1,4,,,,,,,,,,0,,,,,,,,,,,,,运营活动装备,75品传说,峨眉上衣
5,27,304,7,0,44W战力装备,未鉴定装备,[ffce49]未鉴定的[-][F09E0FFF]传说的[-][ffce49]75等级天忍上衣[-]<enter>[CCAF97FF]鬼斧神工，不知出自哪位大师之手。[-],◆最多可持有1000个,Equip_Tr_Body04_01,Equip_Tr,75,432352,0,0,,,,22,22,40,0,100,5,1000,1000,custom_identify_equip_autouse,1,1,4,,,,,,,,,,0,,,,,,,,,,,,,运营活动装备,75品传说,天忍上衣
5,27,305,7,0,44W战力装备,未鉴定装备,[ffce49]未鉴定的[-][F09E0FFF]传说的[-][ffce49]75等级武当上衣[-]<enter>[CCAF97FF]鬼斧神工，不知出自哪位大师之手。[-],◆最多可持有1000个,Equip_Wd_Body04_01,Equip_Wd,75,432352,0,0,,,,22,22,40,0,100,5,1000,1000,custom_identify_equip_autouse,1,1,4,,,,,,,,,,0,,,,,,,,,,,,,运营活动装备,75品传说,武当上衣
5,27,401,1,0,风雪靴,未鉴定装备,[ffce49]未鉴定的[-][F09E0FFF]传说的[-][ffce49]75等级天王鞋子[-]<enter>[CCAF97FF]鬼斧神工，不知出自哪位大师之手。[-],◆最多可持有1000个,Equip_Tw_Shoes04_01,Equip_Tw,75,432352,1,0,,,,27,27,40,0,2100,5,1000,1000,custom_identify_equip_autouse,1,1,4,,,,,,,,0,,0,,,,,,,,,,,,,未鉴定装备,75品传说,天王鞋子
5,27,402,1,0,冥罗靴,未鉴定装备,[ffce49]未鉴定的[-][F09E0FFF]传说的[-][ffce49]75等级唐门鞋子[-]<enter>[CCAF97FF]鬼斧神工，不知出自哪位大师之手。[-],◆最多可持有1000个,Equip_Tm_Shoes04_01,Equip_Tm,75,432352,1,0,,,,27,27,40,0,2100,5,1000,1000,custom_identify_equip_autouse,1,1,4,,,,,,,,0,,0,,,,,,,,,,,,,未鉴定装备,75品传说,唐门鞋子
5,27,403,1,0,灵华履,未鉴定装备,[ffce49]未鉴定的[-][F09E0FFF]传说的[-][ffce49]75等级峨眉鞋子[-]<enter>[CCAF97FF]鬼斧神工，不知出自哪位大师之手。[-],◆最多可持有1000个,Equip_Em_Shoes04_01,Equip_Em,75,432352,1,0,,,,27,27,40,0,2100,5,1000,1000,custom_identify_equip_autouse,1,1,4,,,,,,,,0,,0,,,,,,,,,,,,,未鉴定装备,75品传说,峨眉鞋子
5,27,404,1,0,焰龙靴,未鉴定装备,[ffce49]未鉴定的[-][F09E0FFF]传说的[-][ffce49]75等级天忍鞋子[-]<enter>[CCAF97FF]鬼斧神工，不知出自哪位大师之手。[-],◆最多可持有1000个,Equip_Tr_Shoes04_01,Equip_Tr,75,432352,1,0,,,,27,27,40,0,2100,5,1000,1000,custom_identify_equip_autouse,1,1,4,,,,,,,,0,,0,,,,,,,,,,,,,未鉴定装备,75品传说,天忍鞋子
5,27,405,1,0,三清履,未鉴定装备,[ffce49]未鉴定的[-][F09E0FFF]传说的[-][ffce49]75等级武当鞋子[-]<enter>[CCAF97FF]鬼斧神工，不知出自哪位大师之手。[-],◆最多可持有1000个,Equip_Wd_Shoes04_01,Equip_Wd,75,432352,1,0,,,,27,27,40,0,2100,5,1000,1000,custom_identify_equip_autouse,1,1,4,,,,,,,,0,,0,,,,,,,,,,,,,未鉴定装备,75品传说,武当鞋子
5,27,99,1,0,飞沙靴,未鉴定装备,[ffce49]LV0[-],◆最多可持有1000个,Equip_Com_Shoes01,Equip_Com,75,74117,0,0,,,,41,41,1,0,18,1,1000,1000,custom_identify_equip_autouse,1,1,1,,,,,,,,,,0,,,,,,,,,,,,,未鉴定装备,75品优秀,吃鸡鞋子
5,27,99,2,0,踏云靴,未鉴定装备,[ffce49]LV1[-],◆最多可持有1000个,Equip_Com_Shoes02,Equip_Com,75,98823,0,0,,,,41,41,1,0,24,2,1000,1000,custom_identify_equip_autouse,1,1,2,,,,,,,,,,0,,,,,,,,,,,,,未鉴定装备,75品精良,吃鸡鞋子
5,27,99,3,0,沉星靴,未鉴定装备,[ffce49]LV2[-],◆最多可持有1000个,Equip_Com_Shoes03,Equip_Com,75,123529,0,0,,,,41,41,1,0,30,3,1000,1000,custom_identify_equip_autouse,1,1,3,,,,,,,,,,0,,,,,,,,,,,,,未鉴定装备,75品稀有,吃鸡鞋子
5,27,99,4,0,破霄靴,未鉴定装备,[ffce49]LV3[-],◆最多可持有1000个,Equip_Com_Shoes04,Equip_Com,75,148235,0,0,,,,41,41,1,0,36,4,1000,1000,custom_identify_equip_autouse,1,1,4,,,,,,,,,,0,,,,,,,,,,,,,未鉴定装备,75品卓越,吃鸡鞋子
