G,D,P,L,Category,Name,Type,Desc,Desc2,Icon,WorthValue,DropMaleId,DropFemaleId,UseLevel,Bind,Sell,Quality,MaxStack,LuaClass,ShowBagEffect,ExtParam1,ExtParam2,ExtParam3,ExtParam4,ExtParam5,ExtParam6,ExtParam7,ExtParam8,ExtParam9,ShortUseFlag,IconAtlas,CoinType,BasePrice,BuyoutPrice,AddPrice,BasePriceWorld,BuyoutPriceWorld,AddPriceWorld,MaxAuctionCount,MaxAuctionCacheCount,AuctionDuration,AuctionCooldownTime,MBI_Type,comment,extraField
消耗类都填5,,,,,道具名称,道具种类,道具描述,道具获取途径，17字以内,道具图标,,男掉落表现,女掉落表现,角色等级,不绑定0；绑定1,是否可卖店,品质,叠加上限,,获得道具时背包是否要特效提示,,,,,,,,,,是否弹出自动使用(1自动使用),,限时竞拍货币类型,限时竞拍初始价,限时竞拍一口价,限时竞拍加价,竞拍世界初始价,竞拍世界一口价,竞拍世界加价,竞拍最大数量,世界竞拍上架队列最大值,世界竞拍上架持续时间,世界竞拍上架冷却,运营识别类型,注释,描述道具的额外字段
5,5,1,1,,残破木箱,宝箱,[ffce49]钓鱼时不小心拖出的古旧木箱，点击使用。[-]<enter>[CCAF97FF]折戟沉沙，浪花淘尽英雄。[-],,Diaoyu_Shuidichenxiang,200000,,,,1,,1,9999,awardbox,1,13219,,,,,,,,,1,Wupin,,,,,,,,,,,,钓鱼功能箱子,,1
5,5,17,1,,深水木箱,宝箱,[ffce49]水中寻出的古旧木箱，点击使用。[-]<enter>[CCAF97FF]折戟沉沙，浪花淘尽英雄。[-],,Diaoyu_Shuidichenxiang,100000,,,,1,,1,9999,awardbox,1,13211,,,,,,,,,1,Wupin,,,,,,,,,,,,钓鱼功能箱子,,1
5,5,17,2,,深水木箱,宝箱,[ffce49]水中寻出的古旧木箱，点击使用。[-]<enter>[CCAF97FF]折戟沉沙，浪花淘尽英雄。[-],,Diaoyu_Shuidichenxiang,500000,,,,1,,2,9999,awardbox,1,13210,,,,,,,,,1,Wupin,,,,,,,,,,,,钓鱼功能箱子,,2
5,5,18,1,,千年铁箱,宝箱,[ffce49]水中寻出的千年铁箱，点击使用。[-]<enter>[CCAF97FF]折戟沉沙，浪花淘尽英雄。[-],,Diaoyu_Qianniantiexiang,1667,,,,1,,3,9999,awardbox,1,13209,,,,,,,,,1,Wupin,,,,,,,,,,,,钓鱼功能箱子,,1
5,5,18,2,,千年铁箱,宝箱,[ffce49]水中寻出的千年铁箱，点击使用。[-]<enter>[CCAF97FF]折戟沉沙，浪花淘尽英雄。[-],,Diaoyu_Qianniantiexiang,1667,,,,1,,4,9999,awardbox,1,13208,,,,,,,,,1,Wupin,,,,,,,,,,,,钓鱼功能箱子,,2
5,5,19,1,,破靴,垃圾,[ffce49]常在河边走，哪有不丢鞋。[-]<enter>[CCAF97FF]保护环境，人人有责。<enter>用处尚不明确。[-],,Diaoyu_Poxue,10,,,,1,10,1,9999,,1,,,,,,,,,,0,Wupin,,,,,,,,,,,,钓鱼功能材料,,
5,5,19,2,,漏酒壶,垃圾,[ffce49]被人丢在水里的酒壶，似乎漏了也无所谓。[-]<enter>[CCAF97FF]保护环境，人人有责。<enter>用处尚不明确。[-],,Diaoyu_Loujiuhu,35,,,,1,35,1,9999,,1,,,,,,,,,,0,Wupin,,,,,,,,,,,,钓鱼功能材料,,
5,5,19,3,,腐朽木剑,垃圾,[ffce49]每一个前辈高人身后都有过一柄木剑。不积跬步，无以至千里。[-]<enter>[CCAF97FF]保护环境，人人有责。<enter>用处尚不明确。[-],,Diaoyu_Fuxiujian,50,,,,1,50,1,9999,,1,,,,,,,,,,0,Wupin,,,,,,,,,,,,钓鱼功能材料,,
5,5,19,4,,破书,垃圾,[ffce49]绝世武林秘籍和三文钱的地摊货，泡在水里十年以后就没有分别了。[-]<enter>[CCAF97FF]保护环境，人人有责。<enter>用处尚不明确。[-],,Diaoyu_Canposhu,180,,,,1,180,1,9999,,1,,,,,,,,,,0,Wupin,,,,,,,,,,,,钓鱼功能材料,,
