G,D,P,L,Category,Name,Type,Desc,Desc2,Icon,WorthValue,DropMaleId,DropFemaleId,UseLevel,Bind,Sell,Quality,MaxStack,LuaClass,ShowBagEffect,ExtParam1,ExtParam2,ExtParam3,ExtParam4,ExtParam5,ExtParam6,ExtParam7,ExtParam8,ExtParam9,ShortUseFlag,IconAtlas,CoinType,BasePrice,BuyoutPrice,AddPrice,BasePriceWorld,BuyoutPriceWorld,AddPriceWorld,WorldShopPerSellLimit,MaxAuctionCount,MaxAuctionCacheCount,AuctionDuration,AuctionCooldownTime,MBI_Type,comment,extraField
消耗类都填5,,,,,道具名称,道具种类,道具描述,道具获取途径，17字以内,道具图标,,男掉落表现,女掉落表现,角色等级,不绑定0；绑定1,是否可卖店,品质,叠加上限,,获得道具时背包是否要特效提示,,,,,,,,,,是否弹出自动使用(1自动使用),,限时竞拍货币类型,限时竞拍初始价,限时竞拍一口价,限时竞拍加价,竞拍世界初始价,竞拍世界一口价,竞拍世界加价,世界竞拍每次上架数量,世界竞拍最大数量,世界竞拍上架队列最大值,世界竞拍上架持续时间,世界竞拍上架冷却,运营识别类型,注释,描述道具的额外字段
5,2,1,1,,血豹牙,护法信物,[ffce49]用于拜访护法【杨瑛】，可增加350友好度。[-]<enter>[CCAF97FF]据说那只血豹共有十三颗犬牙。[-],◆杨瑛给予信赖之人的证明。,Hufa_Xinwu_Yangying,10000,4,4,,1,100000,3,99999,guardian_honor,1,3,,,,,,,,,0,Wupin,1,3000000,15000000,300000,3000000,30000000,300000,2,4,500,28800,,护法系统材料,,杨瑛
5,2,2,1,,金绝草,护法信物,[ffce49]用于拜访护法【龙五公子】，可增加350友好度。[-]<enter>[CCAF97FF]前代衡圣所著医书记载此药：“用生命之气力，换气元之内力”[-],◆龙五公子给予信赖之人的证明。,Hufa_Xinwu_Longwugongzi,10000,4,4,,1,1000000,5,99999,guardian_honor,1,4,,,,,,,,,0,Wupin,1,10000000,30000000,2000000,10000000,60000000,2000000,2,4,500,28800,,护法系统材料,,龙五公子
5,2,3,1,,修武宝书,护法信物,[ffce49]用于拜访护法【季叔班】，可增加350友好度。[-]<enter>[CCAF97FF]季总教头所编，用来指导天王帮将士修炼基本武艺。[-],◆季叔班给予信赖之人的证明。,Hufa_Xinwu_Jishuban,10000,4,4,,1,50000,1,99999,guardian_honor,1,1,,,,,,,,,0,Wupin,1,200000,1000000,20000,200000,2000000,20000,2,4,500,28800,,护法系统材料,,季叔班
5,2,4,1,,天王令牌,护法信物,[ffce49]用于拜访护法【杨铁心】，可增加350友好度。[-]<enter>[CCAF97FF]天王帮的信物凭证，一般只予以亲信。[-],◆杨铁心给予信赖之人的证明。,Hufa_Xinwu_Yangtiexin,10000,4,4,,1,50000,2,99999,guardian_honor,1,2,,,,,,,,,0,Wupin,1,500000,2500000,50000,500000,5000000,50000,2,4,500,28800,,护法系统材料,,杨铁心
5,2,5,1,,特制飞镖,护法信物,[ffce49]用于拜访护法【唐晓】，可增加350友好度。[-]<enter>[CCAF97FF]比寻常唐门暗器小上不少，可以藏再小孩的衣袖中。[-],◆唐晓给予信赖之人的证明。,Hufa_Xinwu_Tangxiao,10000,4,4,,1,100000,3,99999,guardian_honor,1,7,,,,,,,,,0,Wupin,1,3000000,15000000,300000,3000000,30000000,300000,2,4,500,28800,,护法系统材料,,唐晓
5,2,6,1,,飞蝗石,护法信物,[ffce49]用于拜访护法【唐芸】，可增加350友好度。[-]<enter>[CCAF97FF]核桃大小的圆形鹅卵石，难以致死的暗器，捉弄人再适合不过。[-],◆唐芸给予信赖之人的证明。,Hufa_Xinwu_Tangyun,10000,4,4,,1,50000,2,99999,guardian_honor,1,6,,,,,,,,,0,Wupin,1,500000,2500000,50000,500000,5000000,50000,2,4,500,28800,,护法系统材料,,唐芸
5,2,7,1,,红木兔子,护法信物,[ffce49]用于拜访护法【唐茹】，可增加350友好度。[-]<enter>[CCAF97FF]乍一看只是兔子木雕，如果把玩时不小心可能会被伤到。[-],◆唐茹给予信赖之人的证明。,Hufa_Xinwu_Tangru,10000,4,4,,1,50000,1,99999,guardian_honor,1,5,,,,,,,,,0,Wupin,1,200000,1000000,20000,200000,2000000,20000,2,4,500,28800,,护法系统材料,,唐茹
5,2,8,1,,故人折扇,护法信物,[ffce49]用于拜访护法【轻舟老人】，可增加350友好度。[-]<enter>[CCAF97FF]扇面上写着：“别却雪衣孤舟在，竹间曾共耸肩吟。”[-],◆轻舟老人给予信赖之人的证明。,Hufa_Xinwu_Qingzhoulaozhe,10000,4,4,,1,1000000,5,99999,guardian_honor,1,8,,,,,,,,,0,Wupin,1,10000000,30000000,2000000,10000000,60000000,2000000,2,4,500,28800,,护法系统材料,,轻舟老人
5,2,9,1,,素问银针,护法信物,[ffce49]用于拜访护法【无想师太】，可增加350友好度。[-]<enter>[CCAF97FF]治疗病症所用的银针，根据穴位不同，长短不一。[-],◆无想师太给予信赖之人的证明。,Hufa_Xinwu_Wuxiangshitai,10000,4,4,,1,100000,3,99999,guardian_honor,1,11,,,,,,,,,0,Wupin,1,3000000,15000000,300000,3000000,30000000,300000,2,4,500,28800,,护法系统材料,,无想师太
5,2,10,1,,江湖令,护法信物,[ffce49]用于拜访护法【独孤剑】，可增加350友好度。[-]<enter>[CCAF97FF]武林盟主的传令信物，剑身上写着：见令如见人。[-],◆独孤剑给予信赖之人的证明。,Hufa_Xinwu_Dugujia,10000,4,4,,1,1000000,5,99999,guardian_honor,1,12,,,,,,,,,0,Wupin,1,10000000,30000000,2000000,10000000,60000000,2000000,2,4,500,28800,,护法系统材料,,独孤剑
5,2,11,1,,羽毛书签,护法信物,[ffce49]用于拜访护法【柳莫言】，可增加350友好度。[-]<enter>[CCAF97FF]信鸽身上掉落的羽毛很少适合做书签，但几年下来也积攒了不少。[-],◆柳莫言给予信赖之人的证明。,Hufa_Xinwu_Liumoyan,10000,4,4,,1,50000,2,99999,guardian_honor,1,10,,,,,,,,,0,Wupin,1,500000,2500000,50000,500000,5000000,50000,2,4,500,28800,,护法系统材料,,柳莫言
5,2,12,1,,素纱发带,护法信物,[ffce49]用于拜访护法【仇雪】，可增加350友好度。[-]<enter>[CCAF97FF]浅蓝色的丝绸发饰，上面绣着北国的玉兰花。[-],◆仇雪给予信赖之人的证明。,Hufa_Xinwu_Chouxue,10000,4,4,,1,50000,1,99999,guardian_honor,1,9,,,,,,,,,0,Wupin,1,200000,1000000,20000,200000,2000000,20000,2,4,500,28800,,护法系统材料,,仇雪
5,2,13,1,,先祖秘卷,护法信物,[ffce49]用于拜访护法【纳兰潜凛】，可增加350友好度。[-]<enter>[CCAF97FF]用奇怪的文字写在几卷兽皮上，记录着某种操控人心之术。[-],◆纳兰潜凛给予信赖之人的证明。,Hufa_Xinwu_Nalanqianlin,10000,4,4,,1,1000000,5,99999,guardian_honor,1,16,,,,,,,,,0,Wupin,1,10000000,30000000,2000000,10000000,60000000,2000000,2,4,500,28800,,护法系统材料,,纳兰潜凛
5,2,14,1,,凤羽剑穗,护法信物,[ffce49]用于拜访护法【荣屠】，可增加350友好度。[-]<enter>[CCAF97FF]赤色羽毛制作的剑饰，随剑飞舞时似一团烈火萦绕。[-],◆荣屠给予信赖之人的证明。,Hufa_Xinwu_Rongtu,10000,4,4,,1,50000,1,99999,guardian_honor,1,13,,,,,,,,,0,Wupin,1,200000,1000000,20000,200000,2000000,20000,2,4,500,28800,,护法系统材料,,荣屠
5,2,15,1,,女真药贴,护法信物,[ffce49]用于拜访护法【完颜焕】，可增加350友好度。[-]<enter>[CCAF97FF]完颜煥练功喜好与人实战，一天下来浑身是伤，故常备此灵药。[-],◆完颜焕给予信赖之人的证明。,Hufa_Xinwu_Wanyanxiang,10000,4,4,,1,100000,3,99999,guardian_honor,1,15,,,,,,,,,0,Wupin,1,3000000,15000000,300000,3000000,30000000,300000,2,4,500,28800,,护法系统材料,,完颜焕
5,2,16,1,,火神燧石,护法信物,[ffce49]用于拜访护法【兀撒】，可增加350友好度。[-]<enter>[CCAF97FF]摸上去有些烫，深夜里散发着诡异的红光。[-],◆兀撒给予信赖之人的证明。,Hufa_Xinwu_Wusa,10000,4,4,,1,50000,2,99999,guardian_honor,1,14,,,,,,,,,0,Wupin,1,500000,2500000,50000,500000,5000000,50000,2,4,500,28800,,护法系统材料,,兀撒
5,2,17,1,,道家符咒,护法信物,[ffce49]用于拜访护法【贺惊山】，可增加350友好度。[-]<enter>[CCAF97FF]上面画着形象怪异的字符，是修道者与上天对话的媒介。[-],◆贺惊山给予信赖之人的证明。,Hufa_Xinwu_Murongzhuifeng,10000,4,4,,1,100000,4,99999,guardian_honor,1,20,,,,,,,,,0,Wupin,1,5000000,25000000,500000,5000000,50000000,500000,2,4,500,28800,,护法系统材料,,贺惊山
5,2,18,1,,墨玉云子,护法信物,[ffce49]用于拜访护法【王纯阳】，可增加350友好度。[-]<enter>[CCAF97FF]这副云子为天目道长所赠，伴随王纯阳走遍九州山河。[-],◆王纯阳给予信赖之人的证明。,Hufa_Xinwu_Wangchongyang,10000,4,4,,1,100000,3,99999,guardian_honor,1,19,,,,,,,,,0,Wupin,1,3000000,15000000,300000,3000000,30000000,300000,2,4,500,28800,,护法系统材料,,王纯阳
5,2,19,1,,桃木剑,护法信物,[ffce49]拜访后可直接招募护法【可心】。[-]<enter>[CCAF97FF]练剑时所使用寻常木剑，伴随可心多年沾有些许灵气。[-],◆可心给予信赖之人的证明。,Hufa_Xinwu_Kexin,10000,4,4,,1,,1,99999,guardian_honor,1,17,,,,,,,,,0,Wupin,1,200000,1000000,20000,200000,2000000,20000,2,4,500,28800,,护法系统材料,,可心
5,2,20,1,,解道真书,护法信物,[ffce49]用于拜访护法【一叶真人】，可增加350友好度。[-]<enter>[CCAF97FF]一叶真人所著，讲解玄奥高深道法，鲜有人能读懂。[-],◆一叶真人给予信赖之人的证明。,Hufa_Xinwu_Yiyezhenren,10000,4,4,,1,50000,2,99999,guardian_honor,1,18,,,,,,,,,0,Wupin,1,500000,2500000,50000,500000,5000000,50000,2,4,500,28800,,护法系统材料,,一叶真人
5,2,21,1,,菩提子,护法信物,[ffce49]用于拜访护法【李修缘】，可增加350友好度。[-]<enter>[CCAF97FF]原为串在一起的佛珠，据说是高僧慧远留下的遗物。[-],◆李修缘给予信赖之人的证明。,Hufa_Xinwu_Xiaojigong,10000,4,4,,1,100000,4,99999,guardian_honor,1,21,,,,,,,,,0,Wupin,1,5000000,25000000,500000,5000000,50000000,500000,2,4,500,28800,,护法系统材料,,李修缘
5,2,22,1,,先秦书简,护法信物,[ffce49]用于拜访护法【叶芷琳】，可增加350友好度。[-]<enter>[CCAF97FF]竹片的开头用小刀刻着：“为史官者，秉笔直言，以鉴后人。”[-],◆叶芷琳给予信赖之人的证明。,Hufa_Xinwu_Yezhilin,10000,4,4,,1,1000000,5,99999,guardian_honor,1,22,,,,,,,,,0,Wupin,1,10000000,30000000,2000000,10000000,60000000,2000000,2,4,500,28800,,护法系统材料,,叶芷琳
5,2,23,1,,蝴蝶铃铛,护法信物,[ffce49]拜访后可直接招募护法【白秋琳】。[-]<enter>[CCAF97FF]有的系在手帕上，有的系在军营周围的小猫小狗脖子上。[-],◆白秋琳给予信赖之人的证明。,Hufa_Xinwu_Baiqiulin,10000,4,4,,1,,4,99999,guardian_honor,1,23,,,,,,,,,0,Wupin,1,5000000,25000000,500000,5000000,50000000,500000,2,4,500,28800,,护法系统材料,,白秋琳
5,2,24,1,,金纹火镰,护法信物,[ffce49]用于拜访护法【也速该】，可增加350友好度。[-]<enter>[CCAF97FF]草原汉子的小物件，用来制造火种和镇辟邪恶。[-],◆也速该给予信赖之人的证明。,Hufa_Xinwu_Tiemuzhen,10000,4,4,,1,100000,4,99999,guardian_honor,1,24,,,,,,,,,0,Wupin,1,5000000,25000000,500000,5000000,50000000,500000,2,4,500,28800,,护法系统材料,,也速该
5,2,25,1,,醉葫芦,护法信物,[ffce49]用于拜访护法【何人我】，可增加350友好度。[-]<enter>[CCAF97FF]从葫芦散发的味道判断，里面装的酒各不相同。[-],◆何人我给予信赖之人的证明。,Hufa_Xinwu_Herenwo,10000,4,4,,1,100000,4,99999,guardian_honor,1,25,,,,,,,,,0,Wupin,1,5000000,25000000,500000,5000000,50000000,500000,2,4,500,28800,,护法系统材料,,何人我
5,2,26,1,,秦军虎符,护法信物,[ffce49]用于拜访护法【秦始皇】，可增加350友好度。[-]<enter>[CCAF97FF]虎被写有金篆书铭文：“甲兵之符，右在皇帝，左在阳陵。”[-],◆秦始皇给予信赖之人的证明。,Hufa_Xinwu_Qinwang,10000,4,4,,1,1000000,5,99999,guardian_honor,1,26,,,,,,,,,0,Wupin,1,10000000,30000000,2000000,10000000,60000000,2000000,2,4,500,28800,,护法系统材料,,秦始皇
5,2,27,1,,紫竹哨,护法信物,[ffce49]用于拜访护法【白灵儿】，可增加350友好度。[-]<enter>[CCAF97FF]白莹莹渐渐可以从哨子的声响判断妹妹是否真的危难......[-],◆白灵儿给予信赖之人的证明。,Hufa_Xinwu_Bailinger,10000,4,4,,1,1000000,5,99999,guardian_honor,1,27,,,,,,,,,0,Wupin,1,10000000,30000000,2000000,10000000,60000000,2000000,2,4,500,28800,,护法系统材料,,白灵儿
5,2,28,1,,易容草药,护法信物,[ffce49]用于拜访护法【吉安】，可增加350友好度。[-]<enter>[CCAF97FF]据说是吉安用来改变容貌的草药，不知是外敷还是内服。[-],◆吉安给予信赖之人的证明。,Hufa_Xinwu_Jieyinlaoren,10000,4,4,,1,1000000,5,99999,guardian_honor,1,28,,,,,,,,,0,Wupin,1,10000000,30000000,2000000,10000000,60000000,2000000,2,4,500,28800,,护法系统材料,,吉安
5,2,29,1,,无面布娃娃,护法信物,[ffce49]用于拜访护法【太史丹】，可增加350友好度。[-]<enter>[CCAF97FF]孩童玩耍时的伴侣，只是这只娃娃忘记了画上笑脸。[-],◆太史丹给予信赖之人的证明。,Hufa_Xinwu_Hongyixiaotong,10000,4,4,,1,1000000,5,99999,guardian_honor,1,29,,,,,,,,,0,Wupin,1,10000000,30000000,2000000,10000000,60000000,2000000,2,4,500,28800,,护法系统材料,,太史丹
5,2,30,1,,邪灵药锅,护法信物,[ffce49]用于拜访护法【仇尸】，可增加350友好度。[-]<enter>[CCAF97FF]周身散发着一股腐败的恶臭，光是闻闻就令人不寒而栗。[-],◆仇尸给予信赖之人的证明。,Hufa_Xinwu_Shigui,10000,4,4,,1,1000000,5,99999,guardian_honor,1,30,,,,,,,,,0,Wupin,1,10000000,30000000,2000000,10000000,60000000,2000000,2,4,500,28800,,护法系统材料,,仇尸
