G,D,P,L,Category,Name,Type,Desc,Desc2,Icon,IconAtlas,WorthValue,CanTrade,MinTradePrice,MaxTradePrice,DropMaleId,DropFemaleId,UseLevel,Bind,Sell,Quality,MaxStack,MaxOwnCount,LuaClass,ShowBagEffect,ExtParam1,ExtParam2,ExtParam3,ExtParam4,ExtParam5,ShortUseFlag,ExtParam7,ExtParam8,ExtParam9,ExtParam10,CoinType,BasePrice,BuyoutPrice,AddPrice,BasePriceWorld,BuyoutPriceWorld,AddPriceWorld,MaxAuctionCount,MaxAuctionCacheCount,AuctionDuration,AuctionCooldownTime,MBI_Type,comment,extraField
消耗类都填5，此表不要填其他新道具,,,,,道具名称,道具种类,道具描述,道具获取途径，17字以内,道具图标,,,,交易最低价,交易最高价,男掉落表现,女掉落表现,角色等级,不绑定0；绑定1,是否可卖店,品质,叠加上限,背包最大持有数,,获得道具时背包是否要特效提示,,,,,,是否弹出自动使用(1自动使用),,,,,限时竞拍货币类型,限时竞拍初始价,限时竞拍一口价,限时竞拍加价,竞拍世界初始价,竞拍世界一口价,竞拍世界加价,竞拍最大数量,世界竞拍上架队列最大值,世界竞拍上架持续时间,世界竞拍上架冷却,运营识别类型,注释,描述道具的额外字段
5,8,11,1,,天狼武器礼盒,礼盒,[ffce49]可获得与所选角色对应的天狼套装武器。[-],◆可从天狼商店中获得。,Zhuangbei_Com_Benlang_Weapon01,Equip_Tl,100000,,,,1,1,,1,,3,1,,item_tianlang_box,1,,,,,,0,,,,,,,,,,,,,,,,天狼装备,装备礼盒,
5,8,12,1,,天狼衣服礼盒,礼盒,[ffce49]可获得与所选角色对应的天狼套装衣服。[-],◆可从天狼商店中获得。,Zhuangbei_Com_Benlang_Body01,Equip_Tl,100000,,,,1,1,,1,,3,1,,item_tianlang_box,1,,,,,,0,,,,,,,,,,,,,,,,天狼装备,装备礼盒,
5,8,13,1,,天狼腰带礼盒,礼盒,[ffce49]可获得与所选角色对应的天狼套装腰带。[-],◆可从天狼商店中获得。,Zhuangbei_Com_Benlang_Belt01,Equip_Tl,100000,,,,1,1,,1,,3,1,,item_tianlang_box,1,,,,,,0,,,,,,,,,,,,,,,,天狼装备,装备礼盒,
5,8,14,1,,天狼帽子礼盒,礼盒,[ffce49]可获得与所选角色对应的天狼套装帽子。[-],◆可从天狼商店中获得。,Zhuangbei_Com_Benlang_Head01,Equip_Tl,100000,,,,1,1,,1,,3,1,,item_tianlang_box,1,,,,,,0,,,,,,,,,,,,,,,,天狼装备,装备礼盒,
5,8,15,1,,天狼护符礼盒,礼盒,[ffce49]可获得与所选角色对应的天狼套装护符。[-],◆可从天狼商店中获得。,Zhuangbei_Com_Benlang_Amulet01,Equip_Tl,100000,,,,1,1,,1,,3,1,,item_tianlang_box,1,,,,,,0,,,,,,,,,,,,,,,,天狼装备,装备礼盒,
5,8,16,1,,天狼戒指礼盒,礼盒,[ffce49]可获得与所选角色对应的天狼套装戒指。[-],◆可从天狼商店中获得。,Zhuangbei_Com_Benlang_Ring01,Equip_Tl,100000,,,,1,1,,1,,3,1,,item_tianlang_box,1,,,,,,0,,,,,,,,,,,,,,,,天狼装备,装备礼盒,
5,8,17,1,,天狼战靴礼盒,礼盒,[ffce49]可获得与所选角色对应的天狼套装战靴。[-],◆可从天狼商店中获得。,Zhuangbei_Com_Benlang_Shoes01,Equip_Tl,100000,,,,1,1,,1,,3,1,,item_tianlang_box,1,,,,,,0,,,,,,,,,,,,,,,,天狼装备,装备礼盒,
5,8,101,1,,天狼·断魂,天狼套装,[ffce49]金钩龙纹的盖世神枪，刺击隐有风雷之声，气势如虹。[-],◆可从湛卢副本中获得。,Equip_Tw_Weapon01_01,Equip_Tw,100000,,,,1,1,,1,10000,1,1,,equip_refine_stuff,1,,,,,,0,,,,,,,,,,,,,,,,天狼装备,,
5,8,102,1,,天狼·武神金甲,天狼套装,[ffce49]锻天外星陨，百炼而成的盖世黄金胄，刀枪剑戟不入。[-],◆可从湛卢副本中获得。,Equip_Tw_Body01_01,Equip_Tw,100000,,,,1,1,,1,10000,1,1,,equip_refine_stuff,1,,,,,,0,,,,,,,,,,,,,,,,天狼装备,,
5,8,103,1,,天狼·武神束腰,天狼套装,[ffce49]西域金精千锤百炼的青龙束腰，授命于天，威泽四方。[-]   ,◆可从湛卢副本中获得。,Equip_Tw_Belt01_01,Equip_Tw,100000,,,,1,1,,1,10000,1,1,,equip_refine_stuff,1,,,,,,0,,,,,,,,,,,,,,,,天狼装备,,
5,8,104,1,,天狼·武神盔,天狼套装,[ffce49]北冥寒铁锻造的盖世金盔，上竖花翎，白虎长啸撼天。[-],◆可从湛卢副本中获得。,Equip_Tw_Head01_01,Equip_Tw,100000,,,,1,1,,1,10000,1,1,,equip_refine_stuff,1,,,,,,0,,,,,,,,,,,,,,,,天狼装备,,
5,8,105,1,,天狼·武神挂坠,天狼套装,[ffce49]天王帮主之信物，长白山天池之中珍稀矿石铸造而成，声威震天。[-],◆可从湛卢副本中获得。,Equip_Tw_Amulet01_01,Equip_Tw,100000,,,,1,1,,1,10000,1,1,,equip_refine_stuff,1,,,,,,0,,,,,,,,,,,,,,,,天狼装备,,
5,8,106,1,,天狼·武神戒,天狼套装,[ffce49]西域极品火炼金百炼而成，戒身麒麟隐有暗光流动，栩栩如生。[-],◆可从湛卢副本中获得。,Equip_Tw_Ring01_01,Equip_Tw,100000,,,,1,1,,1,10000,1,1,,equip_refine_stuff,1,,,,,,0,,,,,,,,,,,,,,,,天狼装备,,
5,8,107,1,,天狼·武神战靴,天狼套装,[ffce49]神匠铸造之靴，饰以大漠奇鸟之羽，穿着此靴如有朱雀凌云之感。[-],◆可从湛卢副本中获得。,Equip_Tw_Shoes01_01,Equip_Tw,100000,,,,1,1,,1,10000,1,1,,equip_refine_stuff,1,,,,,,0,,,,,,,,,,,,,,,,天狼装备,,
5,8,201,1,,天狼·天罗,天狼套装,[ffce49]唐门门主的稀世神弩，万枚箭雨齐发，好似九宫飞星。[-],◆可从湛卢副本中获得。,Equip_Tm_Weapon01_01,Equip_Tm,100000,,,,1,1,,1,10000,1,1,,equip_refine_stuff,1,,,,,,0,,,,,,,,,,,,,,,,天狼装备,,
5,8,202,1,,天狼·心箭束甲,天狼套装,[ffce49]东海鲛人编织的稀世软甲，能含沙射影，来去亦无踪。[-],◆可从湛卢副本中获得。,Equip_Tm_Body01_01,Equip_Tm,100000,,,,1,1,,1,10000,1,1,,equip_refine_stuff,1,,,,,,0,,,,,,,,,,,,,,,,天狼装备,,
5,8,203,1,,天狼·心箭缠腰,天狼套装,[ffce49]南疆五蛊炼制的地魄扣心束腰，能千里之外摄人心魄。[-],◆可从湛卢副本中获得。,Equip_Tm_Belt01_01,Equip_Tm,100000,,,,1,1,,1,10000,1,1,,equip_refine_stuff,1,,,,,,0,,,,,,,,,,,,,,,,天狼装备,,
5,8,204,1,,天狼·心箭头环,天狼套装,[ffce49]南疆金蚕丝织成的稀世锦带，乃掌门至宝，五行连环。[-],◆可从湛卢副本中获得。,Equip_Tm_Head01_01,Equip_Tm,100000,,,,1,1,,1,10000,1,1,,equip_refine_stuff,1,,,,,,0,,,,,,,,,,,,,,,,天狼装备,,
5,8,205,1,,天狼·心箭佩,天狼套装,[ffce49]唐门门主之信物，正中所嵌玫色碧玺为当世极品，有护主之灵。[-],◆可从湛卢副本中获得。,Equip_Tm_Amulet01_01,Equip_Tm,100000,,,,1,1,,1,10000,1,1,,equip_refine_stuff,1,,,,,,0,,,,,,,,,,,,,,,,天狼装备,,
5,8,206,1,,天狼·心箭指环,天狼套装,[ffce49]南疆极品祖母绿雕刻而成的美戒，暗藏奇巧天蛛，可布天罗地网。[-],◆可从湛卢副本中获得。,Equip_Tm_Ring01_01,Equip_Tm,100000,,,,1,1,,1,10000,1,1,,equip_refine_stuff,1,,,,,,0,,,,,,,,,,,,,,,,天狼装备,,
5,8,207,1,,天狼·心箭飞履,天狼套装,[ffce49]蜀中乌金嵌以暗器“血芙蓉”之履，暗器瞬发如雨，顷刻无踪。[-],◆可从湛卢副本中获得。,Equip_Tm_Shoes01_01,Equip_Tm,100000,,,,1,1,,1,10000,1,1,,equip_refine_stuff,1,,,,,,0,,,,,,,,,,,,,,,,天狼装备,,
5,8,301,1,,天狼·龙吟,天狼套装,[ffce49]峨眉掌门的倾世瑶琴，琴音声动九霄，绕梁三日不绝。[-],◆可从湛卢副本中获得。,Equip_Em_Weapon01_01,Equip_Em,100000,,,,1,1,,1,10000,1,1,,equip_refine_stuff,1,,,,,,0,,,,,,,,,,,,,,,,天狼装备,,
5,8,302,1,,天狼·栖凰衣,天狼套装,[ffce49]百鸟织缀的倾世羽衣，穿者衣袂翩跹，颇有凤仪之威。[-],◆可从湛卢副本中获得。,Equip_Em_Body01_01,Equip_Em,100000,,,,1,1,,1,10000,1,1,,equip_refine_stuff,1,,,,,,0,,,,,,,,,,,,,,,,天狼装备,,
5,8,303,1,,天狼·栖凰锦,天狼套装,[ffce49]五色金线编织的倾世丝带，轻舞国色天香，能避水火。[-]              ,◆可从湛卢副本中获得。,Equip_Em_Belt01_01,Equip_Em,100000,,,,1,1,,1,10000,1,1,,equip_refine_stuff,1,,,,,,0,,,,,,,,,,,,,,,,天狼装备,,
5,8,304,1,,天狼·栖凰冠,天狼套装,[ffce49]凤羽打造的倾世金簪，缀有百花珠玉，宛若丹凤朝阳。[-],◆可从湛卢副本中获得。,Equip_Em_Head01_01,Equip_Em,100000,,,,1,1,,1,10000,1,1,,equip_refine_stuff,1,,,,,,0,,,,,,,,,,,,,,,,天狼装备,,
5,8,305,1,,天狼·栖凰软扣,天狼套装,[ffce49]峨眉掌门之信物，嵌以南海砗磲之珠，云纹涛卷，佛意无量。[-],◆可从湛卢副本中获得。,Equip_Em_Amulet01_01,Equip_Em,100000,,,,1,1,,1,10000,1,1,,equip_refine_stuff,1,,,,,,0,,,,,,,,,,,,,,,,天狼装备,,
5,8,306,1,,天狼·栖凰扳指,天狼套装,[ffce49]无瑕和田羊脂白玉经百般打磨而成，与峨眉心法相生，慈悲济世。[-],◆可从湛卢副本中获得。,Equip_Em_Ring01_01,Equip_Em,100000,,,,1,1,,1,10000,1,1,,equip_refine_stuff,1,,,,,,0,,,,,,,,,,,,,,,,天狼装备,,
5,8,307,1,,天狼·栖凰履,天狼套装,[ffce49]合天蚕丝与冰心玉而成，皎然如月，穿者如飞鸿掠影，踏雪无痕。[-],◆可从湛卢副本中获得。,Equip_Em_Shoes01_01,Equip_Em,100000,,,,1,1,,1,10000,1,1,,equip_refine_stuff,1,,,,,,0,,,,,,,,,,,,,,,,天狼装备,,
5,8,401,1,,天狼·业火,天狼套装,[ffce49]祝融之火浇铸的灭世宝刀，刀锋炽热无比，削金如泥。[-],◆可从湛卢副本中获得。,Equip_Tr_Weapon01_01,Equip_Tr,100000,,,,1,1,,1,10000,1,1,,equip_refine_stuff,1,,,,,,0,,,,,,,,,,,,,,,,天狼装备,,
5,8,402,1,,天狼·七杀兽甲,天狼套装,[ffce49]西冥异兽之皮鞣制的灭世皮甲，嗜血兽魂的历魔犹在。[-],◆可从湛卢副本中获得。,Equip_Tr_Body01_01,Equip_Tr,100000,,,,1,1,,1,10000,1,1,,equip_refine_stuff,1,,,,,,0,,,,,,,,,,,,,,,,天狼装备,,
5,8,403,1,,天狼·七杀束腰,天狼套装,[ffce49]火焰山赤兽之甲制成的绝世腰带，如烈焰熊熊，势不可挡。[-],◆可从湛卢副本中获得。,Equip_Tr_Belt01_01,Equip_Tr,100000,,,,1,1,,1,10000,1,1,,equip_refine_stuff,1,,,,,,0,,,,,,,,,,,,,,,,天狼装备,,
5,8,404,1,,天狼·七杀盔,天狼套装,[ffce49]隅谷白泽之皮鞣制的灭世冠冕，能在绝境中浴火重生。[-],◆可从湛卢副本中获得。,Equip_Tr_Head01_01,Equip_Tr,100000,,,,1,1,,1,10000,1,1,,equip_refine_stuff,1,,,,,,0,,,,,,,,,,,,,,,,天狼装备,,
5,8,405,1,,天狼·七杀佩,天狼套装,[ffce49]天忍教主之信物，为南海千年珊瑚整雕而成，可摄敌于千里外。[-],◆可从湛卢副本中获得。,Equip_Tr_Amulet01_01,Equip_Tr,100000,,,,1,1,,1,10000,1,1,,equip_refine_stuff,1,,,,,,0,,,,,,,,,,,,,,,,天狼装备,,
5,8,406,1,,天狼·七杀指环,天狼套装,[ffce49]东海百锻精金制成，饰以极品血珀珠，佩戴者可得火焰之真力。[-],◆可从湛卢副本中获得。,Equip_Tr_Ring01_01,Equip_Tr,100000,,,,1,1,,1,10000,1,1,,equip_refine_stuff,1,,,,,,0,,,,,,,,,,,,,,,,天狼装备,,
5,8,407,1,,天狼·七杀靴,天狼套装,[ffce49]以天外陨铁，合熔岩火鸟之血制成之履，穿者如有山海飞鸿之感。[-],◆可从湛卢副本中获得。,Equip_Tr_Shoes01_01,Equip_Tr,100000,,,,1,1,,1,10000,1,1,,equip_refine_stuff,1,,,,,,0,,,,,,,,,,,,,,,,天狼装备,,
5,8,501,1,,天狼·真武,天狼套装,[ffce49]北冥寒铁冶铸的绝世宝剑，持者凌空御剑，得道成仙。[-],◆可从湛卢副本中获得。,Equip_Tr_Weapon01_01,Equip_Wd,100000,,,,1,1,,1,10000,1,1,,equip_refine_stuff,1,,,,,,0,,,,,,,,,,,,,,,,天狼装备,,
5,8,502,1,,天狼·太乙道袍,天狼套装,[ffce49]千年鹤羽拈成的绝世鹤氅，穿者得道飞升，腾云驾雾。[-],◆可从湛卢副本中获得。,Equip_Tr_Body01_01,Equip_Wd,100000,,,,1,1,,1,10000,1,1,,equip_refine_stuff,1,,,,,,0,,,,,,,,,,,,,,,,天狼装备,,
5,8,503,1,,天狼·太乙缕带,天狼套装,[ffce49]武当龙潭中千年古玉制成的玉带钩，灵气天成，入道登仙。[-],◆可从湛卢副本中获得。,Equip_Tr_Belt01_01,Equip_Wd,100000,,,,1,1,,1,10000,1,1,,equip_refine_stuff,1,,,,,,0,,,,,,,,,,,,,,,,天狼装备,,
5,8,504,1,,天狼·太乙道冠,天狼套装,[ffce49]武当掌教真人的绝世星冠，佩者武功大成，道法无边。[-],◆可从湛卢副本中获得。,Equip_Tr_Head01_01,Equip_Wd,100000,,,,1,1,,1,10000,1,1,,equip_refine_stuff,1,,,,,,0,,,,,,,,,,,,,,,,天狼装备,,
5,8,505,1,,天狼·太乙护符,天狼套装,[ffce49]武当掌门之信物，由万年乌木雕琢而成，饰以金蚕丝线。[-],◆可从湛卢副本中获得。,Equip_Tr_Amulet01_01,Equip_Wd,100000,,,,1,1,,1,10000,1,1,,equip_refine_stuff,1,,,,,,0,,,,,,,,,,,,,,,,天狼装备,,
5,8,506,1,,天狼·太乙法戒,天狼套装,[ffce49]深山玄铁千锤百炼而成之戒，真气行于八卦之中，自成圆转。[-],◆可从湛卢副本中获得。,Equip_Tr_Ring01_01,Equip_Wd,100000,,,,1,1,,1,10000,1,1,,equip_refine_stuff,1,,,,,,0,,,,,,,,,,,,,,,,天狼装备,,
5,8,507,1,,天狼·太乙履,天狼套装,[ffce49]取北地奇鸟雪雁颈下之羽织成，穿者有凭虚御风、乘鹤飞升之感。[-],◆可从湛卢副本中获得。,Equip_Tr_Shoes01_01,Equip_Wd,100000,,,,1,1,,1,10000,1,1,,equip_refine_stuff,1,,,,,,0,,,,,,,,,,,,,,,,天狼装备,,
