G,D,P,L,Name,Type,Desc,Remark,Icon,IconAtlas,WorthValue,CanTrade,DropMaleId,DropFemaleId,MinTradePrice,MaxTradePrice,Bind,Sell,Quality,MaxStack,Att1Type,Att1V1,Att1V2,CoinType,BasePrice,BuyoutPrice,AddPrice,BasePriceWorld,BuyoutPriceWorld,AddPriceWorld,MaxAuctionCount,MBI_Type,comment,extraField
编号,编号,编号,编号,名字,道具种类,描述,,图标,,,,男掉落表现,女掉落表现,交易最低价,交易最高价,绑定类型,卖店价格,蓝2紫3橙4,叠加上限,魔法属性类别,魔法属性值,魔法属性值,限时竞拍货币类型,限时竞拍初始价,限时竞拍一口价,限时竞拍加价,竞拍世界初始价,竞拍世界一口价,竞拍世界加价,竞拍最大数量,运营识别类型,注释,描述道具的额外字段
2,7,1,1,1级盘龙玉,宝石,[ffce49]衣服1号孔[-]<enter><enter>[32af3e]镶嵌此宝石，能提高我方暴击伤害[-],暴击系数提升,Baoshi_Panlongyu_Lv01,Wupin,10834,1,29,29,,,1,,2,99999,add_critical_damage_p,1,2000,,,,,,,,,宝石,1级,暴击
2,7,1,2,2级盘龙玉,宝石,[ffce49]衣服1号孔[-]<enter><enter>[32af3e]镶嵌此宝石，能提高我方暴击伤害[-],暴击系数提升,Baoshi_Panlongyu_Lv02,Wupin,32502,1,29,29,,,1,,2,99999,add_critical_damage_p,1,3000,,,,,,,,,宝石,2级,暴击
2,7,1,3,3级盘龙玉,宝石,[ffce49]衣服1号孔[-]<enter><enter>[32af3e]镶嵌此宝石，能提高我方暴击伤害[-],暴击系数提升,Baoshi_Panlongyu_Lv03,Wupin,97506,1,29,29,,,1,,3,99999,add_critical_damage_p,1,3500,,,,,,,,,宝石,3级,暴击
2,7,1,4,4级盘龙玉,宝石,[ffce49]衣服1号孔[-]<enter><enter>[32af3e]镶嵌此宝石，能提高我方暴击伤害[-],暴击系数提升,Baoshi_Panlongyu_Lv04,Wupin,292517,1,29,29,,,1,,3,99999,add_critical_damage_p,1,4000,,,,,,,,,宝石,4级,暴击
2,7,1,5,5级盘龙玉,宝石,[ffce49]衣服1号孔[-]<enter><enter>[32af3e]镶嵌此宝石，能提高我方暴击伤害[-],暴击系数提升,Baoshi_Panlongyu_Lv05,Wupin,877551,1,29,29,,,1,,4,99999,add_critical_damage_p,1,4500,,,,,,,,,宝石,5级,暴击
2,7,1,6,6级盘龙玉,宝石,[ffce49]衣服1号孔[-]<enter><enter>[32af3e]镶嵌此宝石，能提高我方暴击伤害[-],暴击系数提升,Baoshi_Panlongyu_Lv06,Wupin,2632653,1,29,29,,,1,,4,99999,add_critical_damage_p,1,5000,,,,,,,,,宝石,6级,暴击
2,8,1,1,1级鸣凤玉,宝石,[ffce49]腰带1号孔[-]<enter><enter>[32af3e]镶嵌此宝石，能降低敌方暴击伤害[-],暴击系数降低,Baoshi_Mingfengyu_Lv01,Wupin,10834,1,29,29,,,1,,2,99999,dec_critical_damage_p,1,2000,,,,,,,,,宝石,7级,暴击
2,8,1,2,2级鸣凤玉,宝石,[ffce49]腰带1号孔[-]<enter><enter>[32af3e]镶嵌此宝石，能降低敌方暴击伤害[-],暴击系数降低,Baoshi_Mingfengyu_Lv02,Wupin,32502,1,29,29,,,1,,2,99999,dec_critical_damage_p,1,3000,,,,,,,,,宝石,8级,暴击
2,8,1,3,3级鸣凤玉,宝石,[ffce49]腰带1号孔[-]<enter><enter>[32af3e]镶嵌此宝石，能降低敌方暴击伤害[-],暴击系数降低,Baoshi_Mingfengyu_Lv03,Wupin,97506,1,29,29,,,1,,3,99999,dec_critical_damage_p,1,3500,,,,,,,,,宝石,1级,提高五行克制
2,8,1,4,4级鸣凤玉,宝石,[ffce49]腰带1号孔[-]<enter><enter>[32af3e]镶嵌此宝石，能降低敌方暴击伤害[-],暴击系数降低,Baoshi_Mingfengyu_Lv04,Wupin,292517,1,29,29,,,1,,3,99999,dec_critical_damage_p,1,4000,,,,,,,,,宝石,2级,提高五行克制
2,8,1,5,5级鸣凤玉,宝石,[ffce49]腰带1号孔[-]<enter><enter>[32af3e]镶嵌此宝石，能降低敌方暴击伤害[-],暴击系数降低,Baoshi_Mingfengyu_Lv05,Wupin,877551,1,29,29,,,1,,4,99999,dec_critical_damage_p,1,4500,,,,,,,,,宝石,3级,提高五行克制
2,8,1,6,6级鸣凤玉,宝石,[ffce49]腰带1号孔[-]<enter><enter>[32af3e]镶嵌此宝石，能降低敌方暴击伤害[-],暴击系数降低,Baoshi_Mingfengyu_Lv06,Wupin,2632653,1,29,29,,,1,,4,99999,dec_critical_damage_p,1,5000,,,,,,,,,宝石,4级,提高五行克制
2,9,1,1,1级逐日玉,宝石,[ffce49]戒指1号孔[-]<enter><enter>[32af3e]当五行克制对方，能提高五行克制伤害[-],五行伤害提升,Baoshi_Zhuriyu_Lv01,Wupin,10834,1,29,29,,,1,,2,99999,series_attack_p,2000,,,,,,,,,,宝石,5级,提高五行克制
2,9,1,2,2级逐日玉,宝石,[ffce49]戒指1号孔[-]<enter><enter>[32af3e]当五行克制对方，能提高五行克制伤害[-],五行伤害提升,Baoshi_Zhuriyu_Lv02,Wupin,32502,1,29,29,,,1,,2,99999,series_attack_p,3000,,,,,,,,,,宝石,6级,提高五行克制
2,9,1,3,3级逐日玉,宝石,[ffce49]戒指1号孔[-]<enter><enter>[32af3e]当五行克制对方，能提高五行克制伤害[-],五行伤害提升,Baoshi_Zhuriyu_Lv03,Wupin,97506,1,29,29,,,1,,3,99999,series_attack_p,3500,,,,,,,,,,宝石,7级,提高五行克制
2,9,1,4,4级逐日玉,宝石,[ffce49]戒指1号孔[-]<enter><enter>[32af3e]当五行克制对方，能提高五行克制伤害[-],五行伤害提升,Baoshi_Zhuriyu_Lv04,Wupin,292517,1,29,29,,,1,,3,99999,series_attack_p,4000,,,,,,,,,,宝石,8级,提高五行克制
2,9,1,5,5级逐日玉,宝石,[ffce49]戒指1号孔[-]<enter><enter>[32af3e]当五行克制对方，能提高五行克制伤害[-],五行伤害提升,Baoshi_Zhuriyu_Lv05,Wupin,877551,1,29,29,,,1,,4,99999,series_attack_p,4500,,,,,,,,,,宝石,1级,降低五行克制
2,9,1,6,6级逐日玉,宝石,[ffce49]戒指1号孔[-]<enter><enter>[32af3e]当五行克制对方，能提高五行克制伤害[-],五行伤害提升,Baoshi_Zhuriyu_Lv06,Wupin,2632653,1,29,29,,,1,,4,99999,series_attack_p,5000,,,,,,,,,,宝石,2级,降低五行克制
2,10,1,1,1级追月玉,宝石,[ffce49]护符1号孔[-]<enter><enter>[32af3e]被克制五行，降低受到的五行克制伤害[-],五行防御提升,Baoshi_Zhuiyueyu_Lv01,Wupin,10834,1,29,29,,,1,,2,99999,series_defense_p,2000,,,,,,,,,,宝石,3级,降低五行克制
2,10,1,2,2级追月玉,宝石,[ffce49]护符1号孔[-]<enter><enter>[32af3e]被克制五行，降低受到的五行克制伤害[-],五行防御提升,Baoshi_Zhuiyueyu_Lv02,Wupin,32502,1,29,29,,,1,,2,99999,series_defense_p,3000,,,,,,,,,,宝石,4级,降低五行克制
2,10,1,3,3级追月玉,宝石,[ffce49]护符1号孔[-]<enter><enter>[32af3e]被克制五行，降低受到的五行克制伤害[-],五行防御提升,Baoshi_Zhuiyueyu_Lv03,Wupin,97506,1,29,29,,,1,,3,99999,series_defense_p,3500,,,,,,,,,,宝石,5级,降低五行克制
2,10,1,4,4级追月玉,宝石,[ffce49]护符1号孔[-]<enter><enter>[32af3e]被克制五行，降低受到的五行克制伤害[-],五行防御提升,Baoshi_Zhuiyueyu_Lv04,Wupin,292517,1,29,29,,,1,,3,99999,series_defense_p,4000,,,,,,,,,,宝石,6级,降低五行克制
2,10,1,5,5级追月玉,宝石,[ffce49]护符1号孔[-]<enter><enter>[32af3e]被克制五行，降低受到的五行克制伤害[-],五行防御提升,Baoshi_Zhuiyueyu_Lv05,Wupin,877551,1,29,29,,,1,,4,99999,series_defense_p,4500,,,,,,,,,,宝石,7级,降低五行克制
2,10,1,6,6级追月玉,宝石,[ffce49]护符1号孔[-]<enter><enter>[32af3e]被克制五行，降低受到的五行克制伤害[-],五行防御提升,Baoshi_Zhuiyueyu_Lv06,Wupin,2632653,1,29,29,,,1,,4,99999,series_defense_p,5000,,,,,,,,,,宝石,8级,降低五行克制
