G,D,P,L,Name,Type,Desc,Remark,Icon,IconAtlas,WorthValue,CanTrade,TradeBind,DropMaleId,DropFemaleId,MinTradePrice,MaxTradePrice,PutonCount,Bind,Sell,Quality,MaxStack,Att1Type,Att1V1,Att1V2,LuaClass,CoinType,BasePrice,BuyoutPrice,AddPrice,BasePriceWorld,BuyoutPriceWorld,AddPriceWorld,MaxAuctionCount,MBI_Type,comment,extraField
编号,编号,编号,编号,名字,道具种类,描述,,图标,,,,,男掉落表现,女掉落表现,交易最低价,交易最高价,交易行上架数量,绑定类型,卖店价格,蓝2紫3橙4,叠加上限,魔法属性类别,魔法属性值,魔法属性值,,限时竞拍货币类型,限时竞拍初始价,限时竞拍一口价,限时竞拍加价,竞拍世界初始价,竞拍世界一口价,竞拍世界加价,竞拍最大数量,运营识别类型,注释,描述道具的额外字段
2,4,1,1,1级惊雷玉,惊雷玉,[CCAF97FF]天钧谷第九代传人曾于芦苇荡多雷之域拾得此物，一试之下，此物竟可轻易划破上好的玄铁甲衣，故奉为奇宝。[-],[7e6641]破防[-],Baoshi_Benlangyu_Lv01,Wupin,10834,1,0,29,29,100000,300000,10,0,1000,1,99999,overcome_v,1,110,stone,,,,,,,,,宝石,1级,破防
2,4,1,2,2级惊雷玉,惊雷玉,[CCAF97FF]天钧谷第九代传人曾于芦苇荡多雷之域拾得此物，一试之下，此物竟可轻易划破上好的玄铁甲衣，故奉为奇宝。[-],[7e6641]破防[-],Baoshi_Benlangyu_Lv02,Wupin,32502,1,0,29,29,300000,900000,10,0,2000,1,99999,overcome_v,1,330,stone,,,,,,,,,宝石,2级,破防
2,4,1,3,3级惊雷玉,惊雷玉,[CCAF97FF]天钧谷第九代传人曾于芦苇荡多雷之域拾得此物，一试之下，此物竟可轻易划破上好的玄铁甲衣，故奉为奇宝。[-],[7e6641]破防[-],Baoshi_Benlangyu_Lv03,Wupin,97506,1,0,29,29,900000,2700000,5,0,3000,2,99999,overcome_v,1,550,stone,,,,,,,,,宝石,3级,破防
2,4,1,4,4级惊雷玉,惊雷玉,[CCAF97FF]天钧谷第九代传人曾于芦苇荡多雷之域拾得此物，一试之下，此物竟可轻易划破上好的玄铁甲衣，故奉为奇宝。[-],[7e6641]破防[-],Baoshi_Benlangyu_Lv04,Wupin,292517,1,0,29,29,2700000,8100000,5,0,4000,2,99999,overcome_v,1,770,stone,,,,,,,,,宝石,4级,破防
2,4,1,5,5级惊雷玉,惊雷玉,[CCAF97FF]天钧谷第九代传人曾于芦苇荡多雷之域拾得此物，一试之下，此物竟可轻易划破上好的玄铁甲衣，故奉为奇宝。[-],[7e6641]破防[-],Baoshi_Benlangyu_Lv05,Wupin,877551,1,0,29,29,8100000,24300000,3,0,5000,3,99999,overcome_v,1,940,stone,,,,,,,,,宝石,5级,破防
2,4,1,6,6级惊雷玉,惊雷玉,[CCAF97FF]天钧谷第九代传人曾于芦苇荡多雷之域拾得此物，一试之下，此物竟可轻易划破上好的玄铁甲衣，故奉为奇宝。[-],[7e6641]破防[-],Baoshi_Benlangyu_Lv06,Wupin,2632653,1,0,29,29,24300000,72900000,3,0,6000,3,99999,overcome_v,1,1100,stone,,,,,,,,,宝石,6级,破防
2,4,1,7,7级惊雷玉,惊雷玉,[CCAF97FF]天钧谷第九代传人曾于芦苇荡多雷之域拾得此物，一试之下，此物竟可轻易划破上好的玄铁甲衣，故奉为奇宝。[-],[7e6641]破防[-],Baoshi_Benlangyu_Lv07,Wupin,877551,1,0,29,29,72900000,218700000,1,1,7000,4,99999,overcome_v,1,1100,stone,,,,,,,,,宝石,7级,破防
2,4,1,8,8级惊雷玉,惊雷玉,[CCAF97FF]天钧谷第九代传人曾于芦苇荡多雷之域拾得此物，一试之下，此物竟可轻易划破上好的玄铁甲衣，故奉为奇宝。[-],[7e6641]破防[-],Baoshi_Benlangyu_Lv08,Wupin,2632653,1,0,29,29,218700000,656100000,1,1,8000,4,99999,overcome_v,1,1100,stone,,,,,,,,,宝石,8级,破防
2,5,1,1,1级长生玉,长生玉,[CCAF97FF]据传此玉最初发掘于长生殿旧址之中，为唐玄宗赐予杨玉环之物，有养生益寿之奇效。[-],[7e6641]生命[-],Baoshi_Tieguyu_Lv01,Wupin,10834,1,0,29,29,100000,300000,10,0,1000,1,99999,lifemax_v_nocur,1,2000,stone,,,,,,,,,宝石,1级,生命
2,5,1,2,2级长生玉,长生玉,[CCAF97FF]据传此玉最初发掘于长生殿旧址之中，为唐玄宗赐予杨玉环之物，有养生益寿之奇效。[-],[7e6641]生命[-],Baoshi_Tieguyu_Lv02,Wupin,32502,1,0,29,29,300000,900000,10,0,2000,1,99999,lifemax_v_nocur,1,6000,stone,,,,,,,,,宝石,2级,生命
2,5,1,3,3级长生玉,长生玉,[CCAF97FF]据传此玉最初发掘于长生殿旧址之中，为唐玄宗赐予杨玉环之物，有养生益寿之奇效。[-],[7e6641]生命[-],Baoshi_Tieguyu_Lv03,Wupin,97506,1,0,29,29,900000,2700000,5,0,3000,2,99999,lifemax_v_nocur,1,10000,stone,,,,,,,,,宝石,3级,生命
2,5,1,4,4级长生玉,长生玉,[CCAF97FF]据传此玉最初发掘于长生殿旧址之中，为唐玄宗赐予杨玉环之物，有养生益寿之奇效。[-],[7e6641]生命[-],Baoshi_Tieguyu_Lv04,Wupin,292517,1,0,29,29,2700000,8100000,5,0,4000,2,99999,lifemax_v_nocur,1,14000,stone,,,,,,,,,宝石,4级,生命
2,5,1,5,5级长生玉,长生玉,[CCAF97FF]据传此玉最初发掘于长生殿旧址之中，为唐玄宗赐予杨玉环之物，有养生益寿之奇效。[-],[7e6641]生命[-],Baoshi_Tieguyu_Lv05,Wupin,877551,1,0,29,29,8100000,24300000,3,0,5000,3,99999,lifemax_v_nocur,1,17000,stone,,,,,,,,,宝石,5级,生命
2,5,1,6,6级长生玉,长生玉,[CCAF97FF]据传此玉最初发掘于长生殿旧址之中，为唐玄宗赐予杨玉环之物，有养生益寿之奇效。[-],[7e6641]生命[-],Baoshi_Tieguyu_Lv06,Wupin,2632653,1,0,29,29,24300000,72900000,3,0,6000,3,99999,lifemax_v_nocur,1,20000,stone,,,,,,,,,宝石,6级,生命
2,5,1,7,7级长生玉,长生玉,[CCAF97FF]据传此玉最初发掘于长生殿旧址之中，为唐玄宗赐予杨玉环之物，有养生益寿之奇效。[-],[7e6641]生命[-],Baoshi_Tieguyu_Lv07,Wupin,877551,1,0,29,29,72900000,218700000,1,1,7000,4,99999,lifemax_v_nocur,1,20000,stone,,,,,,,,,宝石,7级,生命
2,5,1,8,8级长生玉,长生玉,[CCAF97FF]据传此玉最初发掘于长生殿旧址之中，为唐玄宗赐予杨玉环之物，有养生益寿之奇效。[-],[7e6641]生命[-],Baoshi_Tieguyu_Lv08,Wupin,2632653,1,0,29,29,218700000,656100000,1,1,8000,4,99999,lifemax_v_nocur,1,20000,stone,,,,,,,,,宝石,8级,生命
2,6,1,1,1级锥心玉,锥心玉,[CCAF97FF]龙门荒漠埋藏的宝石，传说为沉睡于荒漠之下的古国旧物，具有惑心之力，荒漠马贼盗匪常为争抢此物而枉送性命。[-],[7e6641]暴击[-],Baoshi_Zhuixinyu_Lv01,Wupin,10834,1,0,29,29,100000,300000,10,0,1000,1,99999,criticalRate_v,1,125,stone,,,,,,,,,宝石,1级,暴击
2,6,1,2,2级锥心玉,锥心玉,[CCAF97FF]龙门荒漠埋藏的宝石，传说为沉睡于荒漠之下的古国旧物，具有惑心之力，荒漠马贼盗匪常为争抢此物而枉送性命。[-],[7e6641]暴击[-],Baoshi_Zhuixinyu_Lv02,Wupin,32502,1,0,29,29,300000,900000,10,0,2000,1,99999,criticalRate_v,1,380,stone,,,,,,,,,宝石,2级,暴击
2,6,1,3,3级锥心玉,锥心玉,[CCAF97FF]龙门荒漠埋藏的宝石，传说为沉睡于荒漠之下的古国旧物，具有惑心之力，荒漠马贼盗匪常为争抢此物而枉送性命。[-],[7e6641]暴击[-],Baoshi_Zhuixinyu_Lv03,Wupin,97506,1,0,29,29,900000,2700000,5,0,3000,2,99999,criticalRate_v,1,635,stone,,,,,,,,,宝石,3级,暴击
2,6,1,4,4级锥心玉,锥心玉,[CCAF97FF]龙门荒漠埋藏的宝石，传说为沉睡于荒漠之下的古国旧物，具有惑心之力，荒漠马贼盗匪常为争抢此物而枉送性命。[-],[7e6641]暴击[-],Baoshi_Zhuixinyu_Lv04,Wupin,292517,1,0,29,29,2700000,8100000,5,0,4000,2,99999,criticalRate_v,1,885,stone,,,,,,,,,宝石,4级,暴击
2,6,1,5,5级锥心玉,锥心玉,[CCAF97FF]龙门荒漠埋藏的宝石，传说为沉睡于荒漠之下的古国旧物，具有惑心之力，荒漠马贼盗匪常为争抢此物而枉送性命。[-],[7e6641]暴击[-],Baoshi_Zhuixinyu_Lv05,Wupin,877551,1,0,29,29,8100000,24300000,3,0,5000,3,99999,criticalRate_v,1,1075,stone,,,,,,,,,宝石,5级,暴击
2,6,1,6,6级锥心玉,锥心玉,[CCAF97FF]龙门荒漠埋藏的宝石，传说为沉睡于荒漠之下的古国旧物，具有惑心之力，荒漠马贼盗匪常为争抢此物而枉送性命。[-],[7e6641]暴击[-],Baoshi_Zhuixinyu_Lv06,Wupin,2632653,1,0,29,29,24300000,72900000,3,0,6000,3,99999,criticalRate_v,1,1265,stone,,,,,,,,,宝石,6级,暴击
2,6,1,7,7级锥心玉,锥心玉,[CCAF97FF]龙门荒漠埋藏的宝石，传说为沉睡于荒漠之下的古国旧物，具有惑心之力，荒漠马贼盗匪常为争抢此物而枉送性命。[-],[7e6641]暴击[-],Baoshi_Zhuixinyu_Lv07,Wupin,877551,1,0,29,29,72900000,218700000,1,1,7000,4,99999,criticalRate_v,1,1265,stone,,,,,,,,,宝石,7级,暴击
2,6,1,8,8级锥心玉,锥心玉,[CCAF97FF]龙门荒漠埋藏的宝石，传说为沉睡于荒漠之下的古国旧物，具有惑心之力，荒漠马贼盗匪常为争抢此物而枉送性命。[-],[7e6641]暴击[-],Baoshi_Zhuixinyu_Lv08,Wupin,2632653,1,0,29,29,218700000,656100000,1,1,8000,4,99999,criticalRate_v,1,1265,stone,,,,,,,,,宝石,8级,暴击
