G,D,P,L,Name,Type,Desc,Remark,Icon,IconAtlas,WorthValue,CanTrade,TradeBind,DropMaleId,DropFemaleId,MinTradePrice,MaxTradePrice,PutonCount,Bind,Sell,Quality,MaxStack,Att1Type,Att1V1,Att1V2,LuaClass,CoinType,BasePrice,BuyoutPrice,AddPrice,BasePriceWorld,BuyoutPriceWorld,AddPriceWorld,MaxAuctionCount,MBI_Type,comment,extraField
编号,编号,编号,编号,名字,道具种类,描述,,图标,,,,,男掉落表现,女掉落表现,交易最低价,交易最高价,交易行上架数量,绑定类型,卖店价格,蓝2紫3橙4,叠加上限,魔法属性类别,魔法属性值,魔法属性值,,限时竞拍货币类型,限时竞拍初始价,限时竞拍一口价,限时竞拍加价,竞拍世界初始价,竞拍世界一口价,竞拍世界加价,竞拍最大数量,运营识别类型,注释,描述道具的额外字段
2,1,1,1,1级青玄玉,青玄玉,[CCAF97FF]昆仑雪境的独有宝石，色泽通透灵慧，可与和田玉相较。[-],[7e6641]五行[-],Baoshi_Lingboyu_Lv01,Wupin,10834,1,0,29,29,100000,300000,10,0,1000,1,99999,allmainvalue_v,1,110,stone,,,,,,,,,宝石,1级,五行
2,1,1,2,2级青玄玉,青玄玉,[CCAF97FF]昆仑雪境的独有宝石，色泽通透灵慧，可与和田玉相较。[-],[7e6641]五行[-],Baoshi_Lingboyu_Lv02,Wupin,32502,1,0,29,29,300000,900000,10,0,2000,1,99999,allmainvalue_v,1,330,stone,,,,,,,,,宝石,2级,五行
2,1,1,3,3级青玄玉,青玄玉,[CCAF97FF]昆仑雪境的独有宝石，色泽通透灵慧，可与和田玉相较。[-],[7e6641]五行[-],Baoshi_Lingboyu_Lv03,Wupin,97506,1,0,29,29,900000,2700000,5,0,3000,2,99999,allmainvalue_v,1,545,stone,,,,,,,,,宝石,3级,五行
2,1,1,4,4级青玄玉,青玄玉,[CCAF97FF]昆仑雪境的独有宝石，色泽通透灵慧，可与和田玉相较。[-],[7e6641]五行[-],Baoshi_Lingboyu_Lv04,Wupin,292517,1,0,29,29,2700000,8100000,5,0,4000,2,99999,allmainvalue_v,1,760,stone,,,,,,,,,宝石,4级,五行
2,1,1,5,5级青玄玉,青玄玉,[CCAF97FF]昆仑雪境的独有宝石，色泽通透灵慧，可与和田玉相较。[-],[7e6641]五行[-],Baoshi_Lingboyu_Lv05,Wupin,877551,1,0,29,29,8100000,24300000,3,0,5000,3,99999,allmainvalue_v,1,925,stone,,,,,,,,,宝石,5级,五行
2,1,1,6,6级青玄玉,青玄玉,[CCAF97FF]昆仑雪境的独有宝石，色泽通透灵慧，可与和田玉相较。[-],[7e6641]五行[-],Baoshi_Lingboyu_Lv06,Wupin,2632653,1,0,29,29,24300000,72900000,3,0,6000,3,99999,allmainvalue_v,1,1090,stone,,,,,,,,,宝石,6级,五行
2,1,1,7,7级青玄玉,青玄玉,[CCAF97FF]昆仑雪境的独有宝石，色泽通透灵慧，可与和田玉相较。[-],[7e6641]五行[-],Baoshi_Lingboyu_Lv07,Wupin,877551,1,0,29,29,72900000,218700000,1,1,7000,4,99999,allmainvalue_v,1,1090,stone,,,,,,,,,宝石,7级,五行
2,1,1,8,8级青玄玉,青玄玉,[CCAF97FF]昆仑雪境的独有宝石，色泽通透灵慧，可与和田玉相较。[-],[7e6641]五行[-],Baoshi_Lingboyu_Lv08,Wupin,2632653,1,0,29,29,218700000,656100000,1,1,8000,4,99999,allmainvalue_v,1,1090,stone,,,,,,,,,宝石,8级,五行
2,2,1,1,1级灵犀玉,灵犀玉,[CCAF97FF]东海无忧岛出产的湛蓝宝石，当地居民将其称为海神的馈赠。[-],[7e6641]精通[-],Baoshi_Qihaiyu_Lv01,Wupin,10834,1,0,29,29,100000,300000,10,0,1000,1,99999,proficient_v,1,110,stone,,,,,,,,,宝石,1级,精通
2,2,1,2,2级灵犀玉,灵犀玉,[CCAF97FF]东海无忧岛出产的湛蓝宝石，当地居民将其称为海神的馈赠。[-],[7e6641]精通[-],Baoshi_Qihaiyu_Lv02,Wupin,32502,1,0,29,29,300000,900000,10,0,2000,1,99999,proficient_v,1,330,stone,,,,,,,,,宝石,2级,精通
2,2,1,3,3级灵犀玉,灵犀玉,[CCAF97FF]东海无忧岛出产的湛蓝宝石，当地居民将其称为海神的馈赠。[-],[7e6641]精通[-],Baoshi_Qihaiyu_Lv03,Wupin,97506,1,0,29,29,900000,2700000,5,0,3000,2,99999,proficient_v,1,550,stone,,,,,,,,,宝石,3级,精通
2,2,1,4,4级灵犀玉,灵犀玉,[CCAF97FF]东海无忧岛出产的湛蓝宝石，当地居民将其称为海神的馈赠。[-],[7e6641]精通[-],Baoshi_Qihaiyu_Lv04,Wupin,292517,1,0,29,29,2700000,8100000,5,0,4000,2,99999,proficient_v,1,770,stone,,,,,,,,,宝石,4级,精通
2,2,1,5,5级灵犀玉,灵犀玉,[CCAF97FF]东海无忧岛出产的湛蓝宝石，当地居民将其称为海神的馈赠。[-],[7e6641]精通[-],Baoshi_Qihaiyu_Lv05,Wupin,877551,1,0,29,29,8100000,24300000,3,0,5000,3,99999,proficient_v,1,940,stone,,,,,,,,,宝石,5级,精通
2,2,1,6,6级灵犀玉,灵犀玉,[CCAF97FF]东海无忧岛出产的湛蓝宝石，当地居民将其称为海神的馈赠。[-],[7e6641]精通[-],Baoshi_Qihaiyu_Lv06,Wupin,2632653,1,0,29,29,24300000,72900000,3,0,6000,3,99999,proficient_v,1,1100,stone,,,,,,,,,宝石,6级,精通
2,2,1,7,7级灵犀玉,灵犀玉,[CCAF97FF]东海无忧岛出产的湛蓝宝石，当地居民将其称为海神的馈赠。[-],[7e6641]精通[-],Baoshi_Qihaiyu_Lv07,Wupin,877551,1,0,29,29,72900000,218700000,1,1,7000,4,99999,proficient_v,1,1100,stone,,,,,,,,,宝石,7级,精通
2,2,1,8,8级灵犀玉,灵犀玉,[CCAF97FF]东海无忧岛出产的湛蓝宝石，当地居民将其称为海神的馈赠。[-],[7e6641]精通[-],Baoshi_Qihaiyu_Lv08,Wupin,2632653,1,0,29,29,218700000,656100000,1,1,8000,4,99999,proficient_v,1,1100,stone,,,,,,,,,宝石,8级,精通
2,3,1,1,1级奔狼玉,奔狼玉,[CCAF97FF]东北熔岩火洞出产的红色宝石，一说来源于天忍禁地的极热火源，故能遇高温而不化。[-],[7e6641]攻击[-],Baoshi_Changshengyu_Lv01,Wupin,10834,1,0,29,29,100000,300000,10,0,1000,1,99999,attack_v,1,35,stone,,,,,,,,,宝石,1级,攻击
2,3,1,2,2级奔狼玉,奔狼玉,[CCAF97FF]东北熔岩火洞出产的红色宝石，一说来源于天忍禁地的极热火源，故能遇高温而不化。[-],[7e6641]攻击[-],Baoshi_Changshengyu_Lv02,Wupin,32502,1,0,29,29,300000,900000,10,0,2000,1,99999,attack_v,1,115,stone,,,,,,,,,宝石,2级,攻击
2,3,1,3,3级奔狼玉,奔狼玉,[CCAF97FF]东北熔岩火洞出产的红色宝石，一说来源于天忍禁地的极热火源，故能遇高温而不化。[-],[7e6641]攻击[-],Baoshi_Changshengyu_Lv03,Wupin,97506,1,0,29,29,900000,2700000,5,0,3000,2,99999,attack_v,1,190,stone,,,,,,,,,宝石,3级,攻击
2,3,1,4,4级奔狼玉,奔狼玉,[CCAF97FF]东北熔岩火洞出产的红色宝石，一说来源于天忍禁地的极热火源，故能遇高温而不化。[-],[7e6641]攻击[-],Baoshi_Changshengyu_Lv04,Wupin,292517,1,0,29,29,2700000,8100000,5,0,4000,2,99999,attack_v,1,265,stone,,,,,,,,,宝石,4级,攻击
2,3,1,5,5级奔狼玉,奔狼玉,[CCAF97FF]东北熔岩火洞出产的红色宝石，一说来源于天忍禁地的极热火源，故能遇高温而不化。[-],[7e6641]攻击[-],Baoshi_Changshengyu_Lv05,Wupin,877551,1,0,29,29,8100000,24300000,3,0,5000,3,99999,attack_v,1,320,stone,,,,,,,,,宝石,5级,攻击
2,3,1,6,6级奔狼玉,奔狼玉,[CCAF97FF]东北熔岩火洞出产的红色宝石，一说来源于天忍禁地的极热火源，故能遇高温而不化。[-],[7e6641]攻击[-],Baoshi_Changshengyu_Lv06,Wupin,2632653,1,0,29,29,24300000,72900000,3,0,6000,3,99999,attack_v,1,375,stone,,,,,,,,,宝石,6级,攻击
2,3,1,7,7级奔狼玉,奔狼玉,[CCAF97FF]东北熔岩火洞出产的红色宝石，一说来源于天忍禁地的极热火源，故能遇高温而不化。[-],[7e6641]攻击[-],Baoshi_Changshengyu_Lv07,Wupin,877551,1,0,29,29,72900000,218700000,1,1,7000,4,99999,attack_v,1,375,stone,,,,,,,,,宝石,7级,攻击
2,3,1,8,8级奔狼玉,奔狼玉,[CCAF97FF]东北熔岩火洞出产的红色宝石，一说来源于天忍禁地的极热火源，故能遇高温而不化。[-],[7e6641]攻击[-],Baoshi_Changshengyu_Lv08,Wupin,2632653,1,0,29,29,218700000,656100000,1,1,8000,4,99999,attack_v,1,375,stone,,,,,,,,,宝石,8级,攻击
